,word
0,<PAD>
1,<BOS>
2,<UNK>
3,<UNUSED>
4,을
5,에
6,작업
7,중
8,이
9,가
10,에서
11,를
12,)
13,(
14,.
15,자
16,으로
17,로
18,사고
19,재해
20,의
21,","
22,하여
23,발생
24,층
25,경
26,설치
27,한
28,후
29,1
30,이동
31,위해
32,자재
33,철근
34,2
35,현장
36,작업중
37,바닥
38,거푸집
39,비계
40,된
41,골절
42,하던
43,해체
44,동
45,발
46,함
47,위
48,및
49,손가락
50,근로자
51,추락
52,임
53,발판
54,**
55,공사
56,상부
57,인
58,안전
59,와
60,과
61,m
62,3
63,왼쪽
64,하고
65,:
66,씨
67,운반
68,못
69,지하
70,되어
71,넘어짐
72,시
73,하는
74,사이
75,부주의
76,계단
77,병원
78,파이프
79,과정
80,높이
81,공
82,하부
83,2020년
84,-
85,상태
86,우측
87,걸려
88,구간
89,오른쪽
90,절단
91,고
92,는
93,인한
94,미끄러져
95,2021년
96,사다리
97,하기
98,대
99,4
100,있던
101,00
102,손
103,단
104,고정
105,시스템
106,벽체
107,내
108,하지
109,정리
110,됨
111,콘크리트
112,넘어지면서
113,부위
114,배관
115,부상
116,확인
117,설
118,서
119,발목
120,좌측
121,부분
122,사용
123,미
124,타
125,지
126,오전
127,장비
128,잃고
129,크레인
130,중심
131,주
132,30분
133,자의
134,장
135,왼손
136,약
137,낙하
138,부
139,있는
140,이용
141,보
142,건설
143,전
144,조립
145,내부
146,도중
147,인양
148,지상
149,전도
150,수
151,하
152,무릎
153,용
154,상
155,유로폼
156,H
157,김
158,적재
159,미흡
160,통증
161,타격
162,제거
163,원
164,등
165,외부
166,그라인더
167,2019년
168,5
169,물
170,부딪힘
171,슬라브
172,재
173,은
174,동바리
175,형틀
176,어깨
177,동료
178,떨어짐
179,차량
180,사
181,양
182,빔
183,실
184,소속
185,인지
186,난간
187,/
188,주변
189,아래
190,허리
191,오른손
192,오후
193,넘어져
194,구
195,기
196,M
197,체결
198,다리
199,헛디뎌
200,순간
201,끼임
202,적
203,인해
204,여
205,cm
206,면
207,충돌
208,미끄러지면서
209,판넬
210,진행
211,충격
212,합판
213,조
214,진단
215,현
216,틀
217,신축
218,손목
219,떨어져
220,말
221,가설
222,시설
223,위치
224,10시
225,입음
226,연결
227,불안전
228,명
229,간
230,로프
231,하면서
232,관
233,차
234,옆
235,결과
236,운전
237,고리
238,하였으나
239,보고
240,내려오던
241,열
242,10월
243,하다가
244,카
245,앞
246,석
247,신호
248,굴삭기
249,철거
250,검지
251,함께
252,주차장
253,않고
254,수직
255,밟고
256,12월
257,뒤
258,본인
259,완료
260,이동식
261,공구
262,통로
263,기둥
264,장내
265,가시
266,11시
267,것
268,치료
269,철골
270,끝
271,목재
272,가격
273,방지
274,볼트
275,용접
276,당
277,미끄러짐
278,신
279,번
280,망치
281,6
282,협착
283,기초
284,중지
285,형
286,회전
287,날
288,몸
289,이던
290,피
291,부딪혀
292,핸드
293,착용
294,세
295,이송
296,에게
297,11월
298,되는
299,업체
300,타워
301,인하여
302,조치
303,하다
304,실시
305,의한
306,포트
307,잡고
308,작업대
309,지면
310,엄지손가락
311,되면서
312,일
313,제
314,파열
315,강관
316,개
317,토사
318,과실
319,발등
320,데크
321,들고
322,119
323,호
324,하였음
325,A
326,관로
327,절
328,소
329,행동
330,1조
331,베임
332,B
333,청소
334,각재
335,기계
336,손상
337,드릴
338,사망
339,인대
340,지지
341,탈락
342,눈
343,않아
344,준비
345,불량
346,측
347,목
348,오
349,넘어지며
350,박
351,가공
352,***
353,지붕
354,역
355,쪽
356,균형
357,근로
358,옹벽
359,**)
360,타박상
361,당일
362,15시
363,톱
364,장소
365,머리
366,일부
367,방향
368,핀
369,배근
370,상황
371,해
372,성
373,작업장
374,입니다
375,추정
376,*
377,의해
378,진료
379,팔
380,목공
381,지게차
382,근
383,가슴
384,다침
385,힘
386,산재
387,트럭
388,공단
389,망
390,협력
391,하였고
392,맨홀
393,복지
394,않은
395,각
396,도
397,시공
398,하며
399,자세
400,단순
401,도로
402,14시
403,개인
404,알폼
405,보호
406,장갑
407,조물
408,mm
409,원인
410,호스
411,관리
412,종료
413,블럭
414,결속
415,미장
416,정도
417,덮개
418,파일
419,10
420,튀어
421,할
422,7월
423,신고
424,떨어지면서
425,1.5
426,수술
427,뼈
428,개구
429,상해
430,호수
431,톤
432,안전모
433,사실
434,화
435,천정
436,8월
437,손등
438,16시
439,주장
440,상단
441,그
442,40분
443,10분
444,부재
445,인근
446,이탈
447,동시
448,금
449,신청
450,20분
451,옥상
452,와이어
453,호소
454,공간
455,낙상
456,임의
457,흙막이
458,파손
459,입원
460,처리
461,터
462,선
463,갱폼
464,까지
465,08시
466,벽
467,되지
468,폼
469,엄지
470,접촉
471,하차
472,받음
473,보강
474,문
475,점검
476,약지
477,줄
478,이상
479,끼어
480,산업
481,펌프
482,설비
483,파기
484,항
485,하나
486,당함
487,7
488,모서리
489,따른
490,판단
491,밟아
492,방법
493,터널
494,수평
495,맞음
496,끼
497,벨트
498,기사
499,보조
500,확보
501,~
502,톱날
503,13시
504,위험
505,철판
506,세대
507,위로
508,석재
509,후진
510,해당
511,반장
512,내려오다
513,3월
514,우마
515,퇴근
516,외벽
517,이후
518,8
519,띠
520,접질
521,근무
522,사업
523,승인
524,토
525,업무
526,번째
527,'
528,건물
529,트
530,작동
531,번지
532,미숙
533,9월
534,마디
535,같이
536,하였으며
537,목격자
538,갈비뼈
539,접
540,반
541,마치
542,골
543,50분
544,발견
545,발가락
546,09시
547,요양
548,안전벨트
549,림
550,4월
551,박스
552,다른
553,검사
554,연
555,당시
556,인부
557,촬영
558,다
559,한쪽
560,수정
561,고소
562,천
563,.(
564,T
565,부족
566,1월
567,교
568,휴식
569,통보
570,정
571,제작
572,즉시
573,블록
574,월
575,벽돌
576,최
577,입은
578,갑자기
579,빠지면서
580,판
581,단기
582,슬링
583,X
584,램프
585,기존
586,맞아
587,새끼손가락
588,굴착
589,미끄러지며
590,비
591,진입
592,102
593,염좌
594,뒷
595,하였습니다
596,후송
597,돌출
598,실족
599,헛딛어
600,불
601,팔꿈치
602,받침
603,내려오다가
604,8시
605,떨어진
606,얼굴
607,무리한
608,실수
609,kg
610,정강이
611,방수
612,부근
613,사무실
614,단부
615,관리자
616,굴착기
617,있어
618,곳
619,조작
620,분리
621,24일
622,대한
623,6월
624,20
625,때
626,10일
627,나무
628,조적
629,2월
630,허벅지
631,플레이
632,현재
633,타일
634,조사
635,집
636,엘리베이터
637,오른
638,종아리
639,16일
640,임시
641,외
642,만
643,원형
644,통해
645,입구
646,지점
647,무게
648,교체
649,대가
650,101
651,운전자
652,받고
653,아파트
654,작
655,측면
656,없이
657,=
658,부터
659,경계
660,라인
661,5월
662,20일
663,18일
664,안
665,천막
666,덤프
667,리프트
668,슬래브
669,보양
670,13일
671,소재
672,28일
673,팀
674,마감
675,방문
676,통
677,도장
678,바퀴
679,남
680,인력
681,내려
682,보수
683,F
684,질병
685,넘어진
686,중량
687,멍에
688,없음
689,12일
690,9
691,무리하게
692,제출
693,들어
694,30일
695,내려오는
696,1.2
697,하여야
698,07월
699,따라
700,25일
701,23일
702,리
703,늑골
704,하단
705,지시
706,전기
707,유리
708,바
709,버팀
710,폐기물
711,26일
712,출입구
713,14일
714,""""
715,걸이
716,안면
717,레미콘
718,다음
719,화장실
720,19일
721,전선
722,21일
723,돌
724,사항
725,평재
726,피해자
727,9시
728,식
729,거치
730,저
731,유도
732,야적
733,정리정돈
734,전방
735,며
736,철물
737,하강
738,**(
739,속
740,옆구리
741,와이어로프
742,04월
743,의식
744,탑승
745,요
746,E
747,15일
748,08월
749,공이
750,협착되어
751,토류판
752,15
753,11일
754,급여
755,30
756,승강
757,정상
758,예정
759,하게
760,103
761,17일
762,백호
763,센터
764,밑
765,22일
766,홀
767,29일
768,2.5
769,지구
770,천공
771,왼
772,복
773,조정
774,104
775,잃어
776,빠져
777,계속
778,다친
779,말려
780,들
781,요청
782,넘어지는
783,V
784,하층
785,잔재
786,출근
787,손잡이
788,곡기
789,놓쳐
790,소견
791,C
792,우수
793,붐
794,대기
795,케이
796,01월
797,받아
798,물질
799,준수
800,09월
801,27일
802,하도급
803,타기
804,암
805,추락사고
806,덕트
807,+
808,전달
809,길이
810,부착
811,잘못
812,P
813,체인
814,?
815,미착
816,타이
817,화상
818,[
819,대차
820,앵글
821,내용
822,D
823,내리던
824,12
825,마대
826,주택
827,강
828,건축
829,근처
830,11
831,시행
832,후크
833,천장
834,고정용
835,되었음
836,21년
837,03월
838,도구
839,본
840,1.8
841,PC
842,턱
843,앙
844,거
845,재자
846,연락
847,새끼
848,L
849,포장
850,07시
851,린
852,에는
853,도착
854,00분
855,옮기던
856,둥근
857,시멘트
858,무엇
859,화물차
860,이를
861,공장
862,접근
863,다발
864,관절
865,미터
866,상차
867,짚어
868,25
869,구역
870,000
871,보험
872,"),"
873,찰
874,어떻게
875,형틀공
876,105
877,주의
878,이며
879,임목
880,수로
881,교량
882,2022년
883,올라가
884,부딪힌
885,투입
886,PIT
887,되며
888,02월
889,아닌
890,비산
891,물이
892,목수
893,]
894,탈
895,파악
896,순
897,창호
898,창
899,부딪쳐
900,#
901,감독
902,정형외과
903,왜
904,배수
905,배
906,응급실
907,석고보드
908,일어난
909,12시
910,직영
911,생활
912,바로
913,백
914,정비
915,보행
916,오른발
917,놓은
918,사면
919,이스트
920,3일
921,떨어지는
922,엉덩이
923,6일
924,8일
925,반출
926,안경
927,떨어지며
928,찔림
929,하려고
930,던
931,무게중심
932,요추
933,붕괴
934,공판
935,주시
936,06월
937,20년
938,가지
939,피하
940,잘
941,착지
942,채
943,강재
944,뚜껑
945,들어가
946,미끄러
947,과상
948,9일
949,협착됨
950,올라가던
951,관련
952,13
953,두
954,근육
955,차로
956,50
957,구멍
958,바람
959,질환
960,지반
961,천공기
962,산소
963,강타
964,타고
965,개발
966,어
967,하중
968,우천
969,레일
970,삐끗
971,코너
972,협착된
973,수지
974,쌓기
975,시점
976,2시
977,짐
978,반복
979,최초
980,응급
981,피해
982,전원
983,협소
984,5일
985,순서
986,시간
987,안전발판
988,중간
989,직접
990,없는
991,호기
992,부가
993,2일
994,귀가
995,클램프
996,코어
997,유
998,되
999,우
1000,안쪽
1001,간섭
1002,철선
1003,3시
1004,○
1005,거리
1006,철
1007,미세
1008,0
1009,상기
1010,딩기
1011,마무리
1012,의사
1013,롤러
1014,맞지
1015,어디서
1016,철재
1017,시공사
1018,중앙
1019,취급
1020,BL
1021,트리
1022,휀스
1023,피부
1024,계
1025,여부
1026,BEAM
1027,점심식사
1028,명과
1029,팔목
1030,교육
1031,05월
1032,자상
1033,보지
1034,렌탈
1035,물기
1036,찢어짐
1037,부로
1038,접수
1039,다시
1040,재단
1041,단독
1042,용역
1043,월요일
1044,안구
1045,케이블
1046,잔
1047,㈜
1048,사전
1049,돌풍
1050,금요일
1051,주차
1052,장치
1053,소방
1054,19
1055,의견서
1056,결정
1057,코
1058,신체
1059,스킬
1060,일시
1061,받은
1062,부딪침
1063,튕겨
1064,횡대
1065,하수
1066,상승
1067,경위
1068,MRI
1069,부를
1070,주위
1071,몰탈
1072,화재
1073,호세
1074,7일
1075,손바닥
1076,당사
1077,중인
1078,흄관
1079,방음벽
1080,쇠
1081,게
1082,옮기는
1083,시트
1084,법
1085,4일
1086,생명
1087,40
1088,아웃
1089,OOO
1090,복도
1091,반동
1092,흙
1093,이음
1094,둔
1095,4시
1096,놓치면서
1097,없어
1098,목요일
1099,경사
1100,파편
1101,전동
1102,부설
1103,쓰러짐
1104,다가
1105,래
1106,믹서기
1107,경에
1108,14
1109,통제
1110,건
1111,손톱
1112,공중
1113,일용직
1114,16
1115,잡고있던
1116,15분
1117,버킷
1118,가량
1119,하자
1120,벌목
1121,토건
1122,밴
1123,31일
1124,폐
1125,분
1126,치
1127,뒤꿈치
1128,외상
1129,토요일
1130,밴드
1131,진행중
1132,종합
1133,스위치
1134,왼발
1135,스카이
1136,22
1137,메우기
1138,09일
1139,기를
1140,내려가던
1141,하려다
1142,올리는
1143,미비
1144,업자
1145,벽면
1146,누가
1147,OO
1148,지름
1149,지렛대
1150,60
1151,ray
1152,걸려서
1153,화요일
1154,비트
1155,면서
1156,파단
1157,페인트
1158,쓰러져
1159,일용
1160,7시
1161,원하여
1162,실금
1163,직원
1164,정지
1165,언제
1166,튕기면
1167,가해
1168,코킹
1169,통행
1170,시작
1171,폭
1172,버켓
1173,점
1174,넘어
1175,판정
1176,아침
1177,빠루
1178,조절
1179,더
1180,엉덩방아
1181,급
1182,발코니
1183,108
1184,기구
1185,적치
1186,경사면
1187,밖
1188,싱
1189,아
1190,고압
1191,STA
1192,106
1193,17시
1194,게이트
1195,상처
1196,진술
1197,수행
1198,방호
1199,안전교육
1200,불승
1201,먼저
1202,107
1203,강풍
1204,틈새
1205,커버
1206,내리는
1207,안정
1208,필요한
1209,되었습니다
1210,공정
1211,황
1212,철근콘크리트
1213,경과
1214,양수기
1215,보통
1216,연료
1217,두부
1218,브라켓
1219,라
1220,동작
1221,1일
1222,나
1223,건립
1224,전면
1225,복합
1226,있음
1227,매설
1228,창고
1229,소장
1230,보도
1231,다짐
1232,뛰어
1233,전도됨
1234,부딪히면서
1235,지속
1236,지정
1237,지역
1238,살수
1239,인상
1240,반입
1241,컨테이너
1242,출입
1243,06
1244,압송
1245,옥탑
1246,환경
1247,금일
1248,부딪히는
1249,지연
1250,일치
1251,써
1252,요구
1253,수요일
1254,후방
1255,반대편
1256,80
1257,알
1258,에어
1259,Beam
1260,W
1261,재자가
1262,팅
1263,넘어져서
1264,튀면서
1265,않음
1266,배치
1267,땅
1268,보온
1269,브
1270,진동
1271,06일
1272,손수레
1273,밀리면서
1274,혼자
1275,버팀대
1276,PE
1277,45분
1278,CT
1279,금속
1280,가지러
1281,믹서
1282,동선
1283,조각
1284,증축
1285,끼이면서
1286,레미
1287,샤클
1288,네
1289,1시
1290,올라
1291,해치
1292,쳐
1293,불안정한
1294,자리
1295,유공
1296,걸리면서
1297,굴러
1298,배수로
1299,느껴
1300,빗물
1301,밸브
1302,ㅇㅇㅇ
1303,팔이
1304,봉합
1305,최종
1306,틈
1307,스
1308,소통
1309,밀려
1310,기대어
1311,잭
1312,수목
1313,관동
1314,02일
1315,윈치
1316,상수
1317,구급차
1318,구조
1319,창문
1320,02
1321,결부
1322,대구
1323,엄지발가락
1324,메고
1325,소화
1326,윤
1327,완전히
1328,장이
1329,08일
1330,창틀
1331,인정
1332,해야
1333,중하
1334,통원
1335,상수도
1336,트러스
1337,요인
1338,첫
1339,설공
1340,07일
1341,풀
1342,한국
1343,04일
1344,해제
1345,인접
1346,접합
1347,비닐
1348,했으나
1349,에도
1350,화물
1351,03일
1352,미끄러짐으로
1353,덤프트럭
1354,미실시
1355,CM
1356,beam
1357,영
1358,지대
1359,다치는
1360,100
1361,개방
1362,단지
1363,무리
1364,와의
1365,에서는
1366,길
1367,결빙
1368,90
1369,력
1370,연골
1371,그레이
1372,헛디딤
1373,가입자
1374,회사
1375,24
1376,대퇴부
1377,야
1378,변경
1379,미끄러져서
1380,골재
1381,의하여
1382,축
1383,미사
1384,심폐소생술
1385,합
1386,있었으나
1387,18
1388,동구
1389,노출
1390,잡아
1391,시야
1392,해서
1393,23
1394,스라브
1395,2021
1396,되어있던
1397,과도
1398,취하
1399,합벽
1400,방
1401,조성
1402,하려
1403,간격
1404,청
1405,x
1406,검진
1407,U
1408,겹
1409,1.0
1410,내려오면서
1411,직후
1412,철수
1413,놓고
1414,지주
1415,보관
1416,생
1417,온
1418,.)
1419,05일
1420,PVC
1421,마지막
1422,되어있는
1423,답단
1424,뒷걸음질
1425,지병
1426,감
1427,레이
1428,공동
1429,밟으면서
1430,추가
1431,17
1432,권
1433,침
1434,”
1435,고속
1436,장함
1437,긴장
1438,포크
1439,세워
1440,찍힘
1441,벽지
1442,뛰어내려
1443,리어카
1444,h
1445,차단
1446,식당
1447,두번째
1448,토목
1449,氏
1450,공인
1451,생각
1452,자신
1453,헤드
1454,함마
1455,300
1456,가서
1457,싣고
1458,형강
1459,***(
1460,송
1461,앵커
1462,뒷걸음
1463,불명
1464,거더
1465,파렛트
1466,힘줄
1467,사동
1468,꿈치
1469,견출
1470,년
1471,출
1472,느낌
1473,2020
1474,베이
1475,골반
1476,인치
1477,경기도
1478,포크레인
1479,추진
1480,부러지면서
1481,미상
1482,피트
1483,하였다고
1484,정거장
1485,큰
1486,출혈
1487,접질러
1488,협착사
1489,옮겨
1490,중임
1491,03
1492,막
1493,각목
1494,쓰레기
1495,의사소통
1496,21
1497,반경
1498,26
1499,기간
1500,사장
1501,입
1502,가던
1503,경미한
1504,이마
1505,목적
1506,패널
1507,오거
1508,대로
1509,붐대
1510,빠지며
1511,퇴
1512,식사
1513,상가
1514,저수조
1515,소형
1516,되었고
1517,하천
1518,장애물
1519,공종
1520,주간
1521,꺽
1522,선반
1523,사인
1524,무의식
1525,옷
1526,부지
1527,부속
1528,미끄럼
1529,사람
1530,출입문
1531,캐노
1532,엔씨
1533,묶음
1534,건축물
1535,스트러트
1536,음
1537,급하게
1538,예상
1539,광주
1540,고체
1541,방치
1542,약간
1543,인식
1544,깊이
1545,하러
1546,하고자
1547,운행
1548,내려와
1549,뒤쪽
1550,(***)
1551,크
1552,장물
1553,#NAME
1554,대응
1555,끼이는
1556,오피스텔
1557,35분
1558,해머
1559,부석
1560,주민
1561,내린
1562,진찰
1563,척추
1564,시도
1565,날개
1566,마을
1567,R
1568,들어가면서
1569,01일
1570,삽입
1571,전일
1572,판이
1573,북
1574,부딪히며
1575,숙련
1576,신청서
1577,칙
1578,배면
1579,방화
1580,소리
1581,흔들리면서
1582,상판
1583,포
1584,깔림
1585,인천
1586,미처
1587,소지
1588,풀리면서
1589,보일러
1590,지용
1591,재자의
1592,미끄러운
1593,엔진
1594,아스콘
1595,공용
1596,타박
1597,커터칼
1598,앤
1599,지사
1600,불구
1601,딛고
1602,자간
1603,레싱
1604,접질려
1605,건드려
1606,질
1607,컷팅
1608,조공
1609,필로티
1610,슬리브
1611,당한
1612,BT
1613,빠짐
1614,제대로
1615,600
1616,체계
1617,교대
1618,째
1619,짚으면서
1620,상이
1621,70
1622,S
1623,"**,"
1624,적장
1625,신규
1626,세륜기
1627,사유
1628,암거
1629,양쪽
1630,개거
1631,가는
1632,공기
1633,압력
1634,되었으며
1635,도시
1636,부산
1637,3.5
1638,달
1639,자바라
1640,디뎌
1641,총
1642,밴딩
1643,누
1644,치아
1645,담당
1646,방호벽
1647,집중
1648,흔들려
1649,금지
1650,전기톱
1651,주입
1652,29
1653,엔
1654,발뒤꿈치
1655,맞은
1656,잡은
1657,25분
1658,석공
1659,테이블
1660,탄
1661,추후
1662,잠시
1663,28
1664,걸린
1665,모래
1666,****
1667,연장
1668,플랜트
1669,슈트
1670,19년
1671,피로
1672,쇄골
1673,110
1674,치가
1675,알루미늄
1676,막장
1677,자동
1678,족
1679,퇴원
1680,1.7
1681,필요
1682,밀어
1683,걸어
1684,잡는
1685,들어감
1686,님
1687,또는
1688,되고
1689,Area
1690,행성
1691,퇴사
1692,계획
1693,가닥
1694,헛딛
1695,정확한
1696,봉
1697,내려가는
1698,호우
1699,골격계
1700,베이스
1701,있었음
1702,승
1703,덮
1704,잡기
1705,편
1706,복숭아
1707,프레임
1708,레벨
1709,의심
1710,무릅
1711,밸트
1712,헛디뎌서
1713,Y
1714,TBM
1715,예
1716,사각
1717,입선
1718,15:00
1719,호선
1720,전날
1721,삼
1722,이었으며
1723,돌이
1724,매몰
1725,올리던
1726,어스
1727,파라
1728,수리
1729,찬넬
1730,포함
1731,칼날
1732,분배
1733,홍
1734,콘
1735,부대
1736,잔디
1737,도포
1738,레버
1739,구체
1740,상호
1741,심근경색
1742,대비
1743,05분
1744,상층
1745,일원
1746,류
1747,포설
1748,파쇄
1749,리기
1750,교각
1751,협착되
1752,마
1753,흉부
1754,디딤
1755,수의
1756,항타
1757,좌
1758,걸
1759,언
1760,노후
1761,실내
1762,복귀
1763,용수
1764,수레
1765,걸고
1766,장기간
1767,현관
1768,자택
1769,다쳤다고
1770,고장
1771,있다가
1772,생긴
1773,움직
1774,회전체
1775,부주
1776,서울
1777,RAY
1778,여서
1779,14:00
1780,정차
1781,양생
1782,붙어
1783,케이싱
1784,토공
1785,로더
1786,맞고
1787,올라가는
1788,위쪽
1789,라고
1790,않는
1791,합니다
1792,바를
1793,대내
1794,브레이크
1795,헛
1796,전도사
1797,궤도
1798,휴업
1799,동안
1800,종점
1801,외측
1802,고함
1803,가스
1804,베인
1805,견
1806,후미
1807,소홀
1808,※
1809,풀려
1810,내려놓는
1811,112
1812,목격
1813,장동
1814,비상
1815,올려
1816,스쳐
1817,풍기
1818,받이
1819,지하차도
1820,담당자
1821,가해져
1822,일반
1823,27
1824,가동
1825,컷
1826,쪽발이
1827,귀
1828,CIP
1829,시험
1830,없으며
1831,타이어
1832,십자
1833,홈
1834,앉아
1835,으로부터
1836,이기
1837,모
1838,인원
1839,하려는
1840,예방
1841,ton
1842,증
1843,페이
1844,끌려
1845,슬러지
1846,짚음
1847,미니
1848,소로
1849,가로
1850,가운데
1851,피복
1852,튕겨져
1853,라이닝
1854,08
1855,가료
1856,새
1857,미고
1858,의료
1859,펫
1860,철관
1861,신설
1862,55분
1863,지급
1864,리제
1865,착
1866,긴
1867,신경
1868,부딛혀
1869,발전기
1870,식재
1871,경우
1872,추돌
1873,기관
1874,휘
1875,드
1876,에스
1877,캡
1878,유압
1879,놓인
1880,사고자는
1881,드럼
1882,매립
1883,반생
1884,박는
1885,)-
1886,탈골
1887,의견
1888,장화
1889,격
1890,앞쪽
1891,기울어져
1892,강당
1893,간이
1894,딛
1895,당기는
1896,첫마디
1897,07
1898,묻은
1899,스스로
1900,200
1901,05
1902,마스트
1903,1200
1904,09
1905,절곡
1906,살짝
1907,빼는
1908,과의
1909,트레일러
1910,작성
1911,우레
1912,패드
1913,환
1914,측구
1915,후면
1916,기울어지면서
1917,부의
1918,2~3
1919,주어
1920,쳐서
1921,부딪치면서
1922,울타리
1923,버림
1924,맞추기
1925,시술
1926,지보
1927,109
1928,복구
1929,사구간
1930,결
1931,입게
1932,편의
1933,인테리어
1934,엑스레이
1935,지식
1936,서로
1937,결재
1938,경내
1939,실리콘
1940,기준
1941,용기
1942,측량
1943,씩
1944,이나
1945,미인
1946,출력
1947,증상
1948,리더
1949,들다가
1950,떨어져서
1951,고후
1952,운전기사
1953,청사
1954,01
1955,바지
1956,찧음
1957,기술
1958,당기던
1959,응급처치
1960,올라가서
1961,바지선
1962,태만
1963,별
1964,욕실
1965,하는데
1966,외국인
1967,같은
1968,여러
1969,팔뚝
1970,협
1971,로부터
1972,인발
1973,쓰러지면서
1974,경찰
1975,c
1976,깔린
1977,호흡
1978,리트
1979,아시
1980,→
1981,대의
1982,지나가던
1983,채용
1984,휴대
1985,말뚝
1986,있었고
1987,아래쪽
1988,요소
1989,400
1990,조인트
1991,산
1992,놓는
1993,이행
1994,커터
1995,도관
1996,열고
1997,조종
1998,현상
1999,감전
2000,물건
2001,심
2002,대리인
2003,되었다고
2004,형사
2005,최상
2006,경량
2007,잡지
2008,윗
2009,카를
2010,유입
2011,마루
2012,이라
2013,박던
2014,정병
2015,오르던
2016,하려던
2017,포대
2018,미쳐
2019,유선
2020,보니
2021,밟는
2022,물의
2023,끝단
2024,않자
2025,통과
2026,PHC
2027,보가
2028,t
2029,좁은
2030,견디지
2031,몸체
2032,일이
2033,딛는
2034,고려
2035,움직임
2036,이었음
2037,단계
2038,변
2039,뇌출혈
2040,서측
2041,부디
2042,뛰어내리다
2043,연마
2044,눌려
2045,뛰어내림
2046,울
2047,설용
2048,들고있던
2049,품
2050,재의
2051,들어올리
2052,노무
2053,확장
2054,테크
2055,->
2056,호안
2057,“
2058,없고
2059,받치고
2060,차선
2061,노
2062,정화조
2063,없었으며
2064,집게
2065,일요일
2066,걸림
2067,누적
2068,슬
2069,져
2070,휴식시간
2071,분전
2072,닿아
2073,2.4
2074,지탱
2075,입술
2076,1.3
2077,전용
2078,무너져
2079,단면
2080,BOX
2081,이유
2082,진
2083,본체
2084,발주
2085,세워져
2086,걸리며
2087,급사
2088,통신
2089,부딛힘
2090,급히
2091,도배
2092,피스
2093,유발
2094,울산
2095,내려가다
2096,스침
2097,유지
2098,받았으며
2099,초기
2100,티
2101,당사자
2102,혼합
2103,이야기
2104,넣어
2105,입었음
2106,가이드
2107,부자
2108,너트
2109,내리다가
2110,플랜
2111,놓침
2112,절차
2113,사망자
2114,.-
2115,받는
2116,추간판
2117,앉아서
2118,설치시
2119,잡으려다
2120,뒤편
2121,판명
2122,자체
2123,점심시간
2124,쏠리면서
2125,압박
2126,나와
2127,학교
2128,실린더
2129,움직여
2130,발꿈치
2131,커팅
2132,옥탑층
2133,대전
2134,꺽임
2135,유실
2136,쯤
2137,오류로
2138,개월
2139,1.6
2140,×
2141,부적절한
2142,결함
2143,잃음
2144,토목공사
2145,가함
2146,선관
2147,부담
2148,중단
2149,링
2150,칼
2151,때문
2152,설치용
2153,넣고
2154,터빈
2155,술
2156,**(**
2157,담장
2158,부딪친
2159,넣는
2160,했던
2161,휴게실
2162,엉
2163,탱크
2164,깁스
2165,날카로운
2166,대하
2167,줄이
2168,주방
2169,떨어뜨려
2170,보던
2171,대피
2172,발파
2173,플라스틱
2174,체크
2175,찢어지는
2176,퍼티
2177,불티
2178,모르고
2179,철제
2180,견출작업
2181,150
2182,인장
2183,정문
2184,개소
2185,롤
2186,사건
2187,소음
2188,빼내는
2189,소나무
2190,놓여있던
2191,바늘
2192,광대뼈
2193,몰딩
2194,깔려
2195,낙석
2196,난
2197,향
2198,샌드위치
2199,줄눈
2200,움
2201,유로
2202,지난
2203,태풍
2204,육
2205,무거운
2206,자가
2207,오류
2208,갑작스런
2209,통지서
2210,저하
2211,경석
2212,2019
2213,).
2214,의원
2215,무동
2216,파레트
2217,출발
2218,덩어리
2219,인적
2220,칸막이
2221,2.0
2222,통영
2223,ㅇㅇ
2224,긴급
2225,실링
2226,옴
2227,살점
2228,잃으면서
2229,항공
2230,트랙
2231,글
2232,주행
2233,와서
2234,스치면서
2235,않게
2236,시키는
2237,웨지핀
2238,했다고
2239,초
2240,슬라이딩
2241,복부
2242,국
2243,끼어서
2244,대형
2245,취부
2246,초등학교
2247,찔린
2248,전주
2249,합성
2250,아이
2251,1.4
2252,창원
2253,물체
2254,침하
2255,행위
2256,감시
2257,교반기
2258,))
2259,구급대
2260,평탄
2261,프레
2262,꿈
2263,업
2264,로서
2265,관계
2266,대해
2267,연결하는
2268,감리
2269,31
2270,특이
2271,수처리
2272,中
2273,먹
2274,들던
2275,111
2276,치면
2277,낀
2278,없다고
2279,비탈
2280,수중
2281,가구
2282,본선
2283,미끄러워
2284,교회
2285,0.6
2286,배수관
2287,젖은
2288,상병
2289,지원
2290,벤
2291,모터
2292,부주의한
2293,절삭
2294,살수차
2295,간의
2296,포터
2297,로라
2298,않도록
2299,별도
2300,숙소
2301,헛딛음
2302,Support
2303,에서의
2304,위험성
2305,건강
2306,칸
2307,불가
2308,기타
2309,알리
2310,직구
2311,종
2312,디스크
2313,절상
2314,상실
2315,자로
2316,6시
2317,45
2318,수압
2319,누수
2320,타카
2321,유출
2322,시키고
2323,환자
2324,했습니다
2325,가드레일
2326,붙어있던
2327,딛어
2328,눌림
2329,상하
2330,보완
2331,빨려
2332,찢어진
2333,잡
2334,수관
2335,예인선
2336,하카
2337,메인
2338,이설
2339,혈관
2340,기울어지며
2341,경사진
2342,보상
2343,뿜칠
2344,끌어져
2345,리다
2346,있었으며
2347,러
2348,다치게
2349,Pipe
2350,오픈
2351,의정부
2352,2019.11
2353,구함
2354,받아치기
2355,환기
2356,이감
2357,탑
2358,’
2359,날씨
2360,물탱크
2361,부딪쳐서
2362,튐
2363,해놓은
2364,동측
2365,준공
2366,없었으나
2367,팔로
2368,입어
2369,명일
2370,지게
2371,규격
2372,부딪혀서
2373,15:30분
2374,전치
2375,201
2376,18시
2377,등쪽
2378,끈
2379,낮은
2380,준설
2381,절기
2382,탈구
2383,도어
2384,내장
2385,문제
2386,려고
2387,AL
2388,친
2389,당해
2390,밀리
2391,후속
2392,끊어지면서
2393,0.5
2394,칠
2395,고무
2396,04
2397,감겨
2398,MM
2399,노면
2400,아스팔트
2401,제단
2402,무시
2403,멈추지
2404,인과
2405,부러짐
2406,매
2407,교통
2408,전체
2409,입는
2410,법면
2411,EL
2412,선정
2413,착오
2414,부적절
2415,2020.10
2416,2020.06
2417,대책
2418,2019.12
2419,2019.10
2420,고원
2421,이전
2422,있다고
2423,급성
2424,허
2425,조회
2426,흔들리는
2427,경남
2428,년생
2429,‘
2430,승강기
2431,10:00
2432,11:00
2433,보행자
2434,사실관계
2435,놓치며
2436,통화
2437,발행
2438,옮기기
2439,최근
2440,단참
2441,작은
2442,개선
2443,나뭇가지
2444,해상
2445,대용
2446,민
2447,시킨
2448,쌓아
2449,별다른
2450,경추
2451,포스트
2452,전복
2453,수가
2454,있지
2455,도보
2456,KG
2457,올라가다
2458,붙잡고
2459,나머지
2460,납품
2461,불꽃
2462,시키기
2463,튀어나온
2464,전등
2465,처
2466,눌러
2467,방음
2468,크류
2469,정밀검사
2470,회수
2471,모두
2472,모델링
2473,세우기
2474,올
2475,거실
2476,평택
2477,이하
2478,먼지
2479,들어올려
2480,석탄
2481,올라가다가
2482,않았으며
2483,쏠려
2484,착하여
2485,가다가
2486,또한
2487,사료
2488,관찰
2489,정면
2490,205
2491,수장
2492,코뼈
2493,당기다가
2494,10:30분
2495,협소하
2496,주상
2497,고르기
2498,이중
2499,협의
2500,상세
2501,우려
2502,전남
2503,남은
2504,음부
2505,고등학교
2506,날인
2507,통합
2508,안착
2509,춤
2510,각도
2511,뛰어내리면서
2512,중이
2513,평목
2514,존
2515,종골
2516,나오던
2517,말리면서
2518,풀던
2519,있으나
2520,점심
2521,에의
2522,좌상
2523,동반
2524,표면
2525,신발
2526,나오는
2527,지나가는
2528,풍
2529,반발력
2530,요골
2531,넘어지지
2532,주저
2533,연결고리
2534,(**
2535,문턱
2536,수거
2537,양구
2538,드는
2539,16:00
2540,보드
2541,폐쇄성
2542,기계실에서
2543,2020.12
2544,쉬트
2545,옆면
2546,무
2547,선형
2548,병
2549,해야하나
2550,2020.07
2551,06시
2552,렌치
2553,0.8
2554,추
2555,세번
2556,본관
2557,요철
2558,락
2559,빌딩
2560,가도
2561,08:00
2562,수조
2563,경북
2564,부직포
2565,하여야하나
2566,숙지
2567,수도
2568,관계자
2569,엔지니어링
2570,받던
2571,구를
2572,중학교
2573,헛디딤으로
2574,배합
2575,전환
2576,연속
2577,대리석
2578,기울어
2579,쪼그려
2580,시동
2581,체육관
2582,충전
2583,매트
2584,광역시
2585,잃으며
2586,운
2587,ㄷ
2588,더미
2589,동일
2590,불어
2591,질리는
2592,정밀
2593,끼면서
2594,첫째
2595,차부
2596,물리치료
2597,공원
2598,이라는
2599,앉은
2600,부딪치는
2601,역사
2602,일자
2603,실외
2604,본사
2605,쐐기
2606,끼워
2607,박힌
2608,딩
2609,볼팅
2610,삐
2611,양수
2612,재물
2613,않아서
2614,몇
2615,2021.10
2616,미리
2617,조경
2618,토부
2619,짚으며
2620,맞추는
2621,재료
2622,옮기다가
2623,4.5
2624,올라오던
2625,오르는
2626,선회
2627,트렌치
2628,유무
2629,장구
2630,끌어
2631,안된
2632,튕기
2633,TT
2634,직경
2635,넘어짐으로
2636,브레이커
2637,개폐
2638,반대쪽
2639,깨지면서
2640,뿌리
2641,치는
2642,조금
2643,그네
2644,클립
2645,유도원
2646,충분한
2647,부실
2648,2020.04
2649,도색
2650,5분
2651,받지
2652,행복
2653,각막
2654,경찰서
2655,TS
2656,철사
2657,묻어
2658,중공업
2659,부어
2660,차장
2661,어린이집
2662,GS
2663,휴무
2664,누름
2665,폭발
2666,입었습니다
2667,받기
2668,될
2669,내리면서
2670,받았고
2671,전화
2672,오던
2673,가하여
2674,14:30분
2675,흔들림
2676,5시
2677,향후
2678,들어가는
2679,도수
2680,눌리
2681,코팅
2682,표시
2683,_
2684,실로
2685,방파제
2686,끊어져
2687,때려
2688,공자
2689,착각
2690,세종
2691,우리
2692,접히면서
2693,관용
2694,AM
2695,제어
2696,내려오기
2697,돌부리
2698,구류
2699,치다가
2700,걸쳐
2701,짚은
2702,흔들림으로
2703,이동용
2704,한장
2705,로드
2706,17:00
2707,G
2708,장애
2709,넘어졌다고
2710,I
2711,불가하여
2712,어지러움
2713,허가
2714,역하는
2715,65
2716,처음
2717,닿지
2718,기업
2719,화기
2720,쓰러지는
2721,2019.07
2722,부적정
2723,출동
2724,202
2725,상의
2726,회복
2727,받았습니다
2728,반응
2729,출구
2730,`
2731,NO
2732,성심
2733,배선
2734,높은
2735,부딪치며
2736,헛딪어
2737,공공
2738,관사
2739,경골
2740,광
2741,부러져
2742,사진
2743,시켜
2744,사표
2745,레이싱
2746,오르다
2747,어려움
2748,올려놓고
2749,소켓
2750,증후군
2751,통지
2752,인도
2753,되자
2754,대학교
2755,EPS
2756,야간
2757,장선
2758,불필요한
2759,명의
2760,55
2761,서서
2762,체중
2763,강판
2764,처방
2765,900
2766,습
2767,그대로
2768,텐션
2769,km
2770,미보
2771,삽
2772,고르지
2773,짚는
2774,밟아서
2775,PT
2776,오랜
2777,지를
2778,푸는
2779,국도
2780,망치질
2781,①
2782,징
2783,않았고
2784,받았으나
2785,아래층
2786,미끄러지는
2787,급수
2788,선로
2789,하였
2790,에폭시
2791,301
2792,아산병원
2793,접질리
2794,그라우팅
2795,발병
2796,헛디디며
2797,지하수
2798,하였는데
2799,움직이면서
2800,난청
2801,에어컨
2802,음으로
2803,강릉
2804,상치
2805,기전
2806,강선
2807,보다
2808,적정
2809,배열
2810,훼손
2811,분경
2812,한다고
2813,없어서
2814,하니
2815,준
2816,500
2817,생김
2818,파형
2819,의자
2820,체
2821,내려가다가
2822,부러지며
2823,경어디서
2824,낙
2825,무너지면서
2826,관통
2827,베
2828,접속
2829,Con
2830,측벽
2831,철골공
2832,상체
2833,113
2834,붙은
2835,교사
2836,택지
2837,빗겨
2838,화성
2839,심정지
2840,원도
2841,호텔
2842,철골빔
2843,했으며
2844,생계
2845,대신
2846,과장
2847,교통사고
2848,충남
2849,일어남
2850,문화
2851,203
2852,세워진
2853,자중
2854,했고
2855,공급
2856,놓여
2857,잡다가
2858,측정
2859,지장
2860,화가
2861,균열
2862,넘어가던
2863,서포터
2864,녹지
2865,전산
2866,권유
2867,없다는
2868,상과
2869,문짝
2870,밝고
2871,보지못하고
2872,안되어
2873,시키던
2874,배수지
2875,0.9
2876,수공
2877,매듭
2878,하지만
2879,매고
2880,·
2881,③
2882,도시가스
2883,있으며
2884,정수
2885,기중기
2886,올라서서
2887,표지판
2888,걸려있던
2889,속도
2890,부품
2891,연결하여
2892,경로
2893,세워놓은
2894,너
2895,발바닥
2896,유리창
2897,보임
2898,확
2899,250
2900,분진
2901,***-*
2902,없었고
2903,내림
2904,받았다고
2905,행
2906,소화기
2907,인물
2908,무너짐
2909,평소
2910,커플
2911,빠진
2912,부검
2913,성명
2914,근거
2915,빠지지
2916,달라
2917,쓰러진
2918,수사
2919,거부
2920,꼬리뼈
2921,내려오지
2922,움직이는
2923,카운터
2924,옥외
2925,넘어가면서
2926,이간
2927,09:00
2928,되었으나
2929,현황
2930,본을
2931,제방
2932,쓰러지며
2933,버럭
2934,대화
2935,502
2936,습기
2937,걸어가던
2938,전문
2939,풀림
2940,긁
2941,드럼통
2942,있
2943,걸어가다
2944,정보
2945,눈썹
2946,반대
2947,으로써
2948,부딪히고
2949,이내
2950,기선
2951,도서관
2952,있음에도
2953,가칭
2954,물류
2955,밀고
2956,주형
2957,재자는
2958,구로
2959,일어서는
2960,우수관
2961,음성
2962,알려
2963,탈출
2964,볼
2965,잠수
2966,든
2967,개설
2968,38
2969,보기
2970,차도
2971,나사
2972,2021.11
2973,o
2974,노즐
2975,바리
2976,미끄러진
2977,웨이
2978,2.8
2979,하우스
2980,협착되면
2981,PILE
2982,슬개골
2983,스크류
2984,좌수
2985,두고
2986,변형
2987,13:00
2988,팅기
2989,테스트
2990,구름
2991,낌
2992,선박
2993,전기공
2994,밀림
2995,CCTV
2996,접는
2997,부딪혔다고
2998,일부분
2999,1.1
3000,장시간
3001,대학병원
3002,빠져서
3003,맞는
3004,제관
3005,입힘
3006,놓쳐서
3007,늦게
3008,빠른
3009,시티
3010,리브
3011,진흙
3012,장면
3013,버클
3014,승하
3015,인방
3016,불완전한
3017,2020.05
3018,미제
3019,결여
3020,찔려
3021,조임
3022,라쳇
3023,방통
3024,고개
3025,기압
3026,스윙
3027,바이브레이터
3028,고덕
3029,재개발
3030,콘센트
3031,스파크
3032,***)
3033,성모
3034,204
3035,주는
3036,미는
3037,케이슨
3038,열린
3039,노끈
3040,당겨
3041,부축
3042,번길
3043,맞으면서
3044,종합병원
3045,관내
3046,숏크
3047,익일
3048,배출
3049,없었음
3050,분쇄
3051,.*
3052,접기
3053,짚다가
3054,죄
3055,매달려
3056,꺾여
3057,Plate
3058,풀리며
3059,엠
3060,조형
3061,겨드랑이
3062,빈
3063,밀
3064,w
3065,이지
3066,의하면
3067,목자
3068,풀기
3069,밀착
3070,핸들
3071,전정
3072,막기
3073,콧등
3074,심해져
3075,생물
3076,지는
3077,간과
3078,찢어지고
3079,비골
3080,일과
3081,이고
3082,육안
3083,두께
3084,거가
3085,놀라
3086,가배
3087,알림
3088,보여
3089,자키
3090,통한
3091,미결
3092,투바
3093,크기
3094,이빨
3095,일체
3096,업주
3097,가기
3098,첨부
3099,에이치
3100,보이지
3101,사무소
3102,없으나
3103,일방
3104,분사
3105,작용
3106,섬유
3107,참
3108,아우
3109,꺾임
3110,현대
3111,괜찮다고
3112,호퍼
3113,형태
3114,입고
3115,였음
3116,하려다가
3117,질리
3118,고통
3119,하였지만
3120,마친
3121,묶어
3122,ㆍ
3123,PL
3124,고속도로
3125,pit
3126,사토
3127,악화
3128,일명
3129,고용
3130,물통
3131,오름
3132,조기
3133,압착
3134,*****
3135,채움
3136,자르던
3137,구부
3138,세우는
3139,자갈
3140,싣던
3141,회
3142,뛰어내리다가
3143,튕
3144,기능
3145,고자
3146,아파
3147,코핑
3148,안전한
3149,일어나는
3150,관절염
3151,중식
3152,0.2
3153,((
3154,놓여진
3155,강한
3156,화단
3157,기공
3158,위원회
3159,규모
3160,싣는
3161,2020.08
3162,역할
3163,미실
3164,부적합
3165,도움
3166,지로
3167,작전
3168,고인
3169,안산
3170,깔리는
3171,찍혀
3172,대원
3173,자루
3174,얼음
3175,역시
3176,흔들리며
3177,차가
3178,였으며
3179,고용노동부
3180,PRD
3181,플
3182,흉추
3183,륜
3184,여물
3185,들어간
3186,태우이엔
3187,안고
3188,부러진
3189,화성시
3190,남양
3191,읍
3192,실려있던
3193,코로나
3194,안내
3195,둔부
3196,둘째
3197,특성
3198,접이식
3199,적벽
3200,아무
3201,걸기
3202,대좌
3203,닫히면서
3204,스치며
3205,35
3206,들어올
3207,없
3208,워킹
3209,떨어
3210,의거
3211,미흡하여
3212,그로
3213,이로
3214,찧어
3215,교차로
3216,차하
3217,덕
3218,개시
3219,15:30
3220,청주
3221,DH
3222,동부
3223,PP
3224,차징카
3225,전반
3226,복사뼈
3227,④
3228,돌아
3229,맞
3230,슬링밸트
3231,Ramp
3232,오르면서
3233,BH
3234,콘테이너
3235,엄
3236,충북
3237,32
3238,16:30분
3239,려
3240,으
3241,수송
3242,활용
3243,최대
3244,햄머
3245,13:30분
3246,올린
3247,맞은편
3248,링크
3249,하였다
3250,TON
3251,반도
3252,니
3253,사보
3254,0.7
3255,폐수처리
3256,께
3257,2020.02
3258,부주의하게
3259,잔류
3260,스터드
3261,Cable
3262,너울
3263,하였음에도
3264,중장비
3265,가로수
3266,서울시
3267,하청
3268,기기
3269,품질
3270,갈고리
3271,비디아이
3272,2020.09
3273,시로
3274,재차
3275,던져
3276,구급대원
3277,유동
3278,버티지
3279,짚고
3280,어려워
3281,멍
3282,pc
3283,발끝
3284,표
3285,1~2
3286,요하
3287,800
3288,Ray
3289,걸려있는
3290,1800
3291,올라간
3292,참에서
3293,탈착
3294,무단
3295,발급
3296,새벽
3297,있어서
3298,CSI
3299,나간
3300,메김
3301,심사
3302,중족골
3303,2021.01
3304,숙박시설
3305,일어나
3306,꺼내던
3307,버팀목
3308,전북
3309,어려운
3310,3.0
3311,중환자실
3312,수원
3313,디뎌서
3314,와중
3315,커
3316,버튼
3317,옹이
3318,로비
3319,맞게
3320,갑작스럽게
3321,501
3322,직도
3323,먹매김
3324,찍어
3325,빗
3326,미끄러짐에
3327,많이
3328,찍음
3329,중수
3330,하도
3331,튕김
3332,207
3333,회관
3334,Tank
3335,밀다가
3336,전진
3337,성남
3338,PIPE
3339,않기
3340,호송
3341,리스
3342,조실
3343,놓아
3344,말단
3345,사의
3346,일로
3347,크랙
3348,기와
3349,운용
3350,밟으며
3351,솔져
3352,잡으려다가
3353,다쳐
3354,맨
3355,책임자
3356,PBD
3357,실린
3358,천천히
3359,있습니다
3360,지휘자
3361,114
3362,정확히
3363,검
3364,노무사
3365,오수
3366,레인
3367,동행
3368,벽관
3369,10:30
3370,오인
3371,압축기
3372,본동
3373,부장
3374,4~5
3375,부족하여
3376,고혈압
3377,2021.06
3378,자르는
3379,설계
3380,암석
3381,대상
3382,구획
3383,하이
3384,줌
3385,승용차
3386,주머니
3387,호박
3388,EGI
3389,잔해
3390,여건
3391,감전사
3392,UT
3393,비엔
3394,리어커
3395,피재
3396,충분히
3397,근골격계질환
3398,TTP
3399,2019.08
3400,강원도
3401,홀로
3402,찾아와
3403,휀
3404,열어
3405,2.7
3406,서리
3407,좌안
3408,빗자루
3409,있다
3410,대교
3411,맞아서
3412,식별
3413,503
3414,바깥쪽
3415,마스크
3416,이었고
3417,09:30분
3418,부와
3419,EV
3420,횡
3421,하기로
3422,사석
3423,쉬
3424,임팩
3425,34
3426,하기전
3427,실려
3428,당하였음
3429,3.2
3430,개착
3431,서있던
3432,주말
3433,치장
3434,요통
3435,테라스
3436,LC
3437,2021.12
3438,제설
3439,넘어가
3440,3.6
3441,재질
3442,참에
3443,0.3
3444,이미
3445,1.9
3446,가해지면서
3447,라는
3448,산승각
3449,추진기
3450,닫는
3451,죔줄
3452,불상
3453,닿으면서
3454,때림
3455,교실
3456,크게
3457,피난
3458,쿨러
3459,분류
3460,올려놓은
3461,전시
3462,러그
3463,기름
3464,들어서
3465,수리시설
3466,석고
3467,불분명
3468,살피
3469,발기
3470,운영
3471,끝내고
3472,무전
3473,포항
3474,텍
3475,16:30
3476,찢어져
3477,원활하지
3478,302
3479,시바
3480,305
3481,당기다
3482,ㅇ
3483,②
3484,끊어짐
3485,뚫는
3486,감기면서
3487,개중
3488,IC
3489,사시
3490,아산
3491,직
3492,하수도
3493,밀던
3494,RCS
3495,2.3
3496,생태
3497,갑작스러운
3498,엘레베이터
3499,쌓여있던
3500,부인
3501,집수
3502,작동시켜
3503,걸레받이
3504,생일
3505,셔
3506,알려와
3507,액
3508,스티로폼
3509,전혀
3510,62
3511,들려
3512,보며
3513,ALC
3514,지레
3515,집어넣어
3516,시장
3517,장선재
3518,받침용
3519,치고
3520,펌프실
3521,가능
3522,공상
3523,듣고
3524,파크
3525,넘어가다
3526,실신
3527,중국
3528,Kg
3529,파워
3530,필지
3531,할려고
3532,심장
3533,지도
3534,한마디
3535,떨어뜨림
3536,주목
3537,이격
3538,치수
3539,못뽑이
3540,능력
3541,plate
3542,오르막
3543,자재운
3544,헛디디면서
3545,순찰
3546,지선
3547,갈이
3548,된다고
3549,역하던
3550,담긴
3551,틱
3552,잡으려고
3553,현수막
3554,2021.03
3555,않았음
3556,75
3557,강관틀
3558,21.03
3559,않았으나
3560,밟음
3561,잡아당기는
3562,좌우
3563,게이지
3564,e
3565,고성
3566,빼
3567,감안
3568,2020.11
3569,56
3570,유격
3571,인과관계
3572,노동부
3573,들어가서
3574,19시
3575,s
3576,이해
3577,이씨
3578,가능성
3579,미조
3580,우회
3581,2020.01
3582,2020.03
3583,강우
3584,간접
3585,설명
3586,과학
3587,거주
3588,청주시
3589,뭉치
3590,외관
3591,콤
3592,간선
3593,평촌
3594,정렬
3595,하였던
3596,09:30
3597,생활관
3598,입사
3599,차수
3600,보건
3601,끼는
3602,박혀있는
3603,박다가
3604,할수
3605,빙판
3606,36
3607,공영
3608,실제
3609,구두
3610,서구
3611,하루
3612,나온
3613,차후
3614,아파서
3615,범위
3616,Girder
3617,심한
3618,경부
3619,우마가
3620,빠지는
3621,선홈통
3622,운동장
3623,입힌
3624,심해
3625,지나
3626,가장자리
3627,견출공
3628,치우던
3629,대리
3630,드라이
3631,함석
3632,질림
3633,안성
3634,양재
3635,저녁
3636,No
3637,맞으며
3638,덩굴
3639,웅덩이
3640,파괴
3641,재발
3642,올라갔다가
3643,병명
3644,집어
3645,빼던
3646,밟은
3647,3~4
3648,수도관
3649,골구
3650,가용
3651,가대
3652,요일
3653,염
3654,기공사
3655,붙임
3656,복용
3657,주의력
3658,빼다가
3659,중보
3660,불안정하게
3661,끼리
3662,지나가다
3663,2.6
3664,호전
3665,자르다가
3666,다쳤음
3667,장재
3668,정돈
3669,연결하기
3670,상주
3671,부산물
3672,구내
3673,도르레
3674,기숙사
3675,되어있지
3676,쌓여
3677,장착
3678,탄약고
3679,심하게
3680,2021.09
3681,넘어지게
3682,빼지
3683,1-2
3684,가해자
3685,지적
3686,행정
3687,과부
3688,PD
3689,묶여있던
3690,덮는
3691,오는
3692,격자
3693,하였나
3694,믹스
3695,방수로
3696,있는것을
3697,가능한
3698,꺾이면서
3699,수판
3700,구조체
3701,아직
3702,립
3703,주고
3704,2021.08
3705,안방
3706,스트럽
3707,찢김
3708,불균형
3709,TG
3710,휀룸
3711,정부
3712,침수
3713,세트
3714,종사
3715,마음
3716,중구
3717,Rack
3718,강하게
3719,내려와서
3720,내기
3721,그늘
3722,테이프
3723,이다
3724,안과
3725,하면
3726,전력
3727,결선
3728,입상
3729,탄성
3730,설정
3731,도방
3732,조도
3733,스프레이
3734,공시
3735,읽고
3736,우선
3737,선별
3738,2021.05
3739,자연
3740,명줄
3741,주저앉음
3742,압롤
3743,무전기
3744,파지
3745,고여
3746,이루어지지
3747,초과
3748,가압
3749,취
3750,케노피
3751,밀차
3752,모양
3753,당하였습니다
3754,계약
3755,하겠다고
3756,도출
3757,흥
3758,중함
3759,내려올
3760,있다는
3761,수립
3762,조명
3763,턴
3764,외곽
3765,용인
3766,있는지
3767,차고
3768,함몰
3769,1시간
3770,개요
3771,08:30분
3772,내관
3773,인명
3774,현기증
3775,내리고
3776,존재
3777,무근
3778,켜
3779,앞니
3780,남아있는
3781,5~6
3782,접히는
3783,곧바로
3784,다쳤습니다
3785,부지내
3786,농업
3787,천안
3788,스톤
3789,시흥
3790,가까운
3791,장애인
3792,등록
3793,으로는
3794,올라와
3795,동탄
3796,공공하
3797,마대자루
3798,남아
3799,나서
3800,단독주택
3801,스타
3802,용마루
3803,선행
3804,덮기
3805,연결한
3806,잃은
3807,구덩이
3808,115
3809,짊어지
3810,한다는
3811,세척
3812,바이브
3813,지르며
3814,옮기다
3815,중용
3816,2시간
3817,터치
3818,히
3819,규정
3820,광장
3821,잡고있는
3822,무인
3823,oo
3824,401
3825,벗어나
3826,지에
3827,반월
3828,비드
3829,있고
3830,끊어치기
3831,이슬
3832,소요
3833,건업
3834,육교
3835,쌓여있는
3836,PS
3837,휴게
3838,살
3839,일정
3840,보아
3841,SK
3842,지른
3843,만들기
3844,저면
3845,보고서
3846,탈거
3847,기지
3848,Cm
3849,넘어가다가
3850,가림
3851,가교
3852,블루
3853,일산
3854,11:30
3855,진출
3856,몸쪽
3857,주관절
3858,대구시
3859,뒤늦게
3860,돌아가면서
3861,완전
3862,했음
3863,자형
3864,혼
3865,하도록
3866,콘판넬
3867,구르며
3868,고온
3869,Gate
3870,위부
3871,검단
3872,재개
3873,경비
3874,받았음
3875,분출
3876,근접
3877,내려놓다가
3878,마찰
3879,끄고
3880,냉각수
3881,느끼고
3882,묶는
3883,플랫폼
3884,서다
3885,운동
3886,전파
3887,자연석
3888,206
3889,농로
3890,수기
3891,들이
3892,생겨
3893,옥
3894,풋
3895,⑤
3896,걸어서
3897,질름
3898,졸음
3899,휴일
3900,노상
3901,들어가며
3902,랜탈
3903,횡돌기
3904,304
3905,차이
3906,2021.04
3907,의뢰
3908,쏟아져
3909,못질
3910,라이더
3911,도르래
3912,내려놓은
3913,세로
3914,)**
3915,소변
3916,인공
3917,이완
3918,처마
3919,과거
3920,브레싱
3921,진주
3922,안전핀
3923,꼬여
3924,208
3925,Line
3926,카트
3927,빨리
3928,이겨
3929,날려
3930,종류
3931,병사
3932,흡입
3933,유형
3934,이었으나
3935,남자
3936,보안
3937,안전밸트
3938,도달
3939,당하는
3940,조종사
3941,디
3942,정확하게
3943,제이드
3944,날아와
3945,에어건
3946,감시자
3947,지고
3948,목포
3949,방진
3950,사가
3951,대림
3952,노반
3953,판매
3954,걸림으로
3955,우물
3956,로써
3957,Duct
3958,온도
3959,줄자
3960,성형
3961,접사
3962,도면
3963,화력발전소
3964,-.
3965,20.11
3966,전류
3967,랙
3968,세워서
3969,의무
3970,해지
3971,되나
3972,영향
3973,사타구니
3974,선임
3975,Pile
3976,인함
3977,광양
3978,뛰어내리며
3979,내외
3980,나옴
3981,끌
3982,숙이고
3983,호출
3984,13:30
3985,깔려있던
3986,고양시
3987,되어서
3988,내려온
3989,쥐
3990,세우던
3991,감식
3992,수영장
3993,근육통
3994,2-1
3995,원주시
3996,EA
3997,대지
3998,족장
3999,뒷쪽
4000,서희
4001,주택조합
4002,내려가
4003,올라오는
4004,체육
4005,양산
4006,밀어서
4007,환승
4008,용단
4009,벤트
4010,잡으려
4011,사관
4012,백병원
4013,이천
4014,흡
4015,편심
4016,제한
4017,날로
4018,방해
4019,휘발유
4020,저장
4021,노루발
4022,사거리
4023,하반신
4024,GATE
4025,제이
4026,33
4027,전지
4028,밀면
4029,사옥
4030,최하
4031,많은
4032,&
4033,중층
4034,이의제기
4035,당하여
4036,닥트
4037,이끼
4038,돌려
4039,쿵
4040,올려주던
4041,돌면서
4042,필요하다는
4043,해자
4044,중간층
4045,어께
4046,박기
4047,미만
4048,투척
4049,넘어질
4050,진술서
4051,넣던
4052,ㄱ
4053,척추뼈
4054,익산
4055,결합
4056,완충
4057,마스터
4058,바브켓
4059,스프링
4060,공후
4061,바가지
4062,21.11
4063,횡단
4064,여과
4065,다락방
4066,후문
4067,기울면서
4068,베어
4069,담는
4070,찔리는
4071,당기면서
4072,장인근
4073,평지
4074,입부
4075,찰나
4076,빼내던
4077,붙이기
4078,지방
4079,마산
4080,한의원
4081,깨진
4082,김해
4083,＊
4084,농촌
4085,수동
4086,기리
4087,자인
4088,월드
4089,턱끈
4090,특별
4091,입었다고
4092,11:30분
4093,동서
4094,팔레트
4095,경나
4096,합기
4097,활동
4098,치우기
4099,아킬레스건
4100,됨에
4101,한번
4102,Deck
4103,떨어뜨린
4104,구조대
4105,a
4106,있었던
4107,태
4108,리지
4109,곽
4110,00시
4111,부천
4112,1000
4113,내려놓던
4114,화강석
4115,추간판탈출증
4116,플륨관
4117,마킹
4118,뜨거운
4119,나가는
4120,pvc
4121,가벼운
4122,수령
4123,광역
4124,아프다고
4125,올라서다
4126,파주
4127,전문의
4128,전공
4129,토대
4130,가방
4131,터져
4132,뿜
4133,물양장
4134,끌어지면서
4135,헤머
4136,떨어지지
4137,***(**
4138,남구
4139,BP
4140,침목
4141,DA
4142,증가
4143,미끄러지면
4144,하향
4145,흘러내려
4146,매달
4147,지금
4148,연합
4149,118
4150,차하기
4151,고발
4152,짧은
4153,광차
4154,깔려있는
4155,지나가다가
4156,소나기
4157,걸지
4158,넘어가는
4159,강제
4160,생수
4161,승차
4162,공업
4163,여수
4164,HO
4165,넘어짐에
4166,강봉
4167,부주의하여
4168,각부
4169,원선
4170,면담
4171,묶은
4172,지반침하
4173,변화
4174,처지
4175,안전하게
4176,전완
4177,쌍줄
4178,올라서는
4179,간단한
4180,여자
4181,내려놓고
4182,중물
4183,좋지
4184,무관
4185,작업복
4186,비치
4187,철저
4188,발의
4189,정시
4190,합벽폼
4191,휴
4192,너무
4193,03시
4194,얘기
4195,미정
4196,치를
4197,정의
4198,K
4199,파고
4200,걸쳐있던
4201,조의
4202,기인
4203,금강
4204,운전사
4205,14:30
4206,20.12
4207,당초
4208,강용
4209,본부
4210,공상처리
4211,BN
4212,돕기
4213,카터
4214,풀링
4215,지표면
4216,고가
4217,참석
4218,방수재
4219,전주시
4220,위반
4221,변압기
4222,보엠
4223,놓다가
4224,GIRDER
4225,고령
4226,가까이
4227,방심
4228,19.11
4229,2019.09
4230,했어야
4231,불감증
4232,공터
4233,있는데
4234,사망원인
4235,나가
4236,세워져있던
4237,인계
4238,튜브
4239,끌리면서
4240,22년
4241,적재용
4242,창원시
4243,신호중
4244,감속
4245,403
4246,놓던
4247,pile
4248,전함
4249,연결하던
4250,정착
4251,처치
4252,어진
4253,깔고
4254,2022.01
4255,2022.1
4256,코드
4257,헛딧어
4258,J
4259,매트리스
4260,감지
4261,주소
4262,어지럼증
4263,당황
4264,행인
4265,점화
4266,충
4267,39
4268,개층
4269,도급
4270,담아
4271,풀다
4272,깔리면서
4273,기다리는
4274,평택시
4275,테이
4276,빼기
4277,판재
4278,걸음
4279,자동차
4280,점토
4281,역장
4282,28분
4283,증설
4284,적용
4285,보도블록
4286,받쳐
4287,부두
4288,내딛는
4289,재건축
4290,개량
4291,송파구
4292,생산
4293,치우다가
4294,웨빙띠
4295,대고
4296,사지
4297,보로
4298,con
4299,점보
4300,들어가지
4301,일주일
4302,간판
4303,징후
4304,스치로
4305,불똥
4306,지동
4307,파트너
4308,찧는
4309,올릴
4310,테두리
4311,포기
4312,주사
4313,근계
4314,가후
4315,복공
4316,진통제
4317,언급
4318,서에
4319,올라가면서
4320,소량
4321,그린
4322,입하
4323,건너다가
4324,멈춘
4325,정해진
4326,판석
4327,접지
4328,안동
4329,젠
4330,대에
4331,Pit
4332,이드
4333,회전력
4334,보육
4335,설후
4336,오늘
4337,유압잭
4338,눈꺼풀
4339,303
4340,활성화
4341,210
4342,사리
4343,순천
4344,가해진
4345,이동로
4346,해을
4347,농어촌
4348,부딪치고
4349,사이드
4350,올라가기
4351,쌓는
4352,손목뼈
4353,거제
4354,나오다가
4355,빌
4356,양평
4357,CD
4358,쌓인
4359,Sta
4360,심하지
4361,박리
4362,업도
4363,내의
4364,구동
4365,처지면서
4366,거나
4367,2.9
4368,자제
4369,매달린
4370,교통신호
4371,흔들어
4372,스트레스
4373,복층
4374,원상
4375,미시
4376,행거
4377,합의
4378,진위
4379,리퍼
4380,Ton
4381,운정
4382,우안
4383,휠라
4384,밞
4385,압
4386,44
4387,끄려
4388,약물
4389,경비원
4390,u
4391,부족한
4392,위생
4393,⑥
4394,MDF
4395,군
4396,강남
4397,떨어트려
4398,버스
4399,사목
4400,CPR
4401,이라고
4402,닿으며
4403,온실
4404,나이
4405,경험
4406,설시
4407,주임
4408,경기
4409,도와주기
4410,이식
4411,직업
4412,덕트공
4413,멍애재
4414,맞추던
4415,주거
4416,2.2
4417,내려가면서
4418,54
4419,쌓던
4420,깨기
4421,커튼월
4422,가루
4423,염증
4424,폐기
4425,신우
4426,가고
4427,당진
4428,멈추기
4429,선단
4430,되었던
4431,내화
4432,수문
4433,체조
4434,들리면서
4435,활차
4436,잔토
4437,스프링클러
4438,받다가
4439,보사
4440,백마
4441,가족
4442,테마
4443,인중
4444,하남
4445,차례
4446,Hole
4447,싸인
4448,와이
4449,있었다고
4450,받을
4451,희
4452,이형
4453,당했다고
4454,걷다가
4455,온수
4456,그러지
4457,넘어졌고
4458,기실
4459,멈춤
4460,홈파기
4461,침전지
4462,앉으면서
4463,하겠습니다
4464,크롤
4465,딛으면서
4466,같아
4467,700
4468,대표
4469,화분
4470,맞춰
4471,희망
4472,확정
4473,토류
4474,난방
4475,수상
4476,찌름
4477,입력
4478,지키지
4479,이상은
4480,밀크
4481,서류
4482,2021.02
4483,무너지며
4484,아트
4485,접히며
4486,구르면서
4487,번호
4488,광평
4489,20.09
4490,땅바닥
4491,벤딩
4492,)(
4493,유한
4494,임대
4495,메디
4496,헌
4497,금전
4498,드라이버
4499,가면
4500,보구
4501,댐
4502,나오면서
4503,한꺼
4504,수석
4505,삭
4506,핑
4507,견고하게
4508,현관문
4509,잡던
4510,Drum
4511,갈바
4512,스틸
4513,슈
4514,內
4515,적절한
4516,사망진단서
4517,):
4518,바닥재
4519,핸디
4520,내려와야
4521,슈퍼
4522,다세대
4523,57
4524,불러
4525,있었습니다
4526,장례식
4527,고려대
4528,프라임
4529,58분
4530,샤
4531,주식회사
4532,..
4533,정동
4534,불량하여
4535,파
4536,춘천
4537,기원
4538,16:00분
4539,51
4540,번선
4541,끼우는
4542,10:40분
4543,넘다가
4544,에가
4545,얼어
4546,대인
4547,액체
4548,거동
4549,보이
4550,공관
4551,긁혀
4552,메탈
4553,라스
4554,307
4555,척골
4556,리바운드
4557,농
4558,석면
4559,책상
4560,떨어질
4561,저수지
4562,민원
4563,문병원
4564,다수
4565,임팩트
4566,상관
4567,느낀
4568,신도시
4569,내과
4570,밧줄
4571,터지면서
4572,대퇴골
4573,급한
4574,치어
4575,그리고
4576,베드
4577,반발
4578,훅
4579,교차
4580,뛰어내린
4581,스판
4582,벗겨짐
4583,주일
4584,지르는
4585,국립
4586,왔으며
4587,지르면서
4588,세파
4589,별로
4590,아차
4591,이어서
4592,심하여
4593,15:00분
4594,흡연
4595,건임
4596,실리면서
4597,붓기
4598,다소
4599,박혀
4600,넘어지던
4601,동의
4602,완성
4603,대학
4604,가라
4605,며칠
4606,117
4607,센서
4608,감아
4609,식생
4610,자도
4611,펜스
4612,맞았다고
4613,쉼
4614,63
4615,병행
4616,감지기
4617,67
4618,용수로
4619,지방도
4620,홀더
4621,아니라
4622,좌회전
4623,녹생토
4624,녹
4625,시운전
4626,중동
4627,놓아둔
4628,가세
4629,본이
4630,역후
4631,네오
4632,놀라서
4633,센
4634,빠르게
4635,내리
4636,4.0
4637,역하기
4638,찍히는
4639,아픔
4640,프라자
4641,키
4642,21.10
4643,대처
4644,중심지
4645,17분
4646,넘어감
4647,경고
4648,잡아당기던
4649,미래
4650,이바
4651,업지
4652,북구
4653,진동기
4654,국제
4655,0.15
4656,형성
4657,제품
4658,모든
4659,간식
4660,120
4661,문주
4662,SP
4663,바이스
4664,도괴
4665,기왕
4666,덤프차량
4667,헛딪
4668,기본
4669,Tower
4670,올라온
4671,미흡한
4672,파도
4673,팅기를
4674,잉여
4675,젖어있는
4676,후두
4677,결박
4678,개축
4679,무대
4680,CRC
4681,배척
4682,레이스
4683,이틀
4684,막아놓은
4685,듣지
4686,경비실
4687,도막
4688,3-1
4689,침투
4690,짚었는데
4691,들어올리다
4692,뻗어
4693,집게손가락
4694,파절
4695,보호대
4696,냉
4697,젖어
4698,족부
4699,참으로
4700,복원
4701,601
4702,갈비
4703,(***
4704,부러지는
4705,건설업
4706,치기
4707,여성
4708,넣기
4709,인동
4710,311
4711,폐목
4712,급식
4713,병영
4714,압살
4715,억제
4716,분구
4717,맹
4718,참고
4719,산성
4720,기울기
4721,00년
4722,뚫고
4723,그라우트
4724,강도
4725,자기
4726,거터
4727,2021.07
4728,션
4729,특수
4730,마주
4731,부서지면서
4732,거주지
4733,서명
4734,추진구
4735,쏠리며
4736,Tray
4737,장목
4738,지나던
4739,사디
4740,철망
4741,절개
4742,찍힌
4743,대수롭지
4744,베이어
4745,복선전철
4746,우기
4747,모습
4748,급작
4749,등학교
4750,청소기
4751,다섯
4752,시키려
4753,전신주
4754,인하
4755,전담
4756,코일
4757,붓고
4758,수량
4759,삼거리
4760,하였어야
4761,한테
4762,탈영
4763,아니
4764,지층
4765,밖에
4766,결구
4767,밟다가
4768,달기
4769,원동
4770,놓지
4771,답
4772,곤란
4773,소재지
4774,수시
4775,단실
4776,울러
4777,부표
4778,깔기
4779,장공
4780,머신
4781,실어
4782,올리면서
4783,말려서
4784,떨어지고
4785,팅기가
4786,논산
4787,긋
4788,Grating
4789,모노레일
4790,신천동
4791,내는
4792,지하철
4793,이대
4794,올리다가
4795,사랑
4796,기울어짐
4797,된것으로
4798,특별한
4799,선거
4800,겹침
4801,후유증
4802,어떠한
4803,장현
4804,심의
4805,Column
4806,중정
4807,중국인
4808,차집
4809,시킴
4810,수인
4811,평탄하지
4812,05시
4813,찧으면서
4814,지에서
4815,겨울철
4816,최소
4817,재인
4818,열차
4819,김현
4820,각종
4821,여분
4822,랫
4823,과열
4824,('
4825,올리고
4826,시키지
4827,61
4828,2020.9
4829,부식
4830,작시
4831,경상
4832,48
4833,㎡
4834,않
4835,제공
4836,군데
4837,응급치료
4838,사선
4839,Air
4840,slab
4841,흘러
4842,오산
4843,검토
4844,화이트
4845,20.08
4846,서둘러
4847,풀려서
4848,근위
4849,으로서
4850,부적합한
4851,용도
4852,훈련
4853,끄지
4854,20.06
4855,만드는
4856,사진촬영
4857,결근
4858,고로
4859,순차
4860,참조
4861,선택
4862,보재
4863,경력
4864,영하
4865,스트레칭
4866,방식
4867,적합한
4868,불량한
4869,않을
4870,무모한
4871,낮아
4872,두었던
4873,측압
4874,성주
4875,뇌
4876,연구원
4877,끝나고
4878,부딪혔음
4879,돌아와
4880,차용
4881,강동
4882,오면서
4883,디디면서
4884,정신
4885,한림대
4886,고철
4887,하지못하고
4888,구축
4889,거품
4890,47분
4891,막아
4892,506
4893,외쪽
4894,남동
4895,구가
4896,장위
4897,천리
4898,막는
4899,취사
4900,움직이다가
4901,대안
4902,요원
4903,물속
4904,막혀
4905,차시
4906,경위서
4907,벌어진
4908,해운대
4909,b
4910,잡석
4911,올라오다
4912,폴딩
4913,자른
4914,끌던
4915,벌
4916,요도
4917,슴
4918,가하던
4919,천안시
4920,LINE
4921,2-3
4922,비스듬히
4923,곡리
4924,603
4925,배기
4926,운송
4927,세현
4928,놓여져
4929,에서도
4930,문자
4931,박물관
4932,노조
4933,비운
4934,방재
4935,동력
4936,용이
4937,플로
4938,환풍기
4939,체험
4940,흔들림을
4941,당겨지면서
4942,13분
4943,소규모
4944,청탑
4945,것임
4946,메쉬
4947,환봉
4948,흔들림이
4949,16분
4950,701
4951,나감
4952,소하천
4953,초파일
4954,영상
4955,절취
4956,수원시
4957,헤라
4958,본드
4959,짐칸
4960,탕정
4961,설팀
4962,나우
4963,갓길
4964,내밀어
4965,걸친
4966,새재
4967,잔손
4968,포디움
4969,bar
4970,그러나
4971,북면
4972,주유
4973,발화
4974,잡아주는
4975,산동
4976,멈추는
4977,NK
4978,있었지만
4979,옆쪽
4980,정황
4981,절단석
4982,노동자
4983,김포
4984,걸고리
4985,3.8
4986,테트라
4987,2-2
4988,지체
4989,놓으면서
4990,광산구
4991,복지관
4992,받아서
4993,Φ
4994,슬레이트
4995,걸다가
4996,탄력
4997,짚었음
4998,신발장
4999,창사
5000,경사지에서
5001,통근
5002,가보니
5003,파주시
5004,넘어지면
5005,갑판
5006,밀바
5007,가한
5008,뒤집어지면서
5009,트롤리
5010,지하실
5011,초석
5012,k
5013,십
5014,20시
5015,물품
5016,인화
5017,도화상
5018,충무
5019,스토퍼
5020,주철
5021,먹기
5022,신속히
5023,요동
5024,곤도
5025,돌리는
5026,사물
5027,작업실
5028,깡통
5029,개보
5030,주저앉아
5031,구급
5032,1-1
5033,루바
5034,파라펫
5035,11:00분
5036,인입
5037,○○
5038,양지
5039,찜
5040,폐쇄
5041,놀이터
5042,인조
5043,끼우던
5044,22시
5045,내려치는
5046,쪽망
5047,중계
5048,지그
5049,장님
5050,고시
5051,산마루
5052,당진시
5053,견인
5054,******
5055,게비온
5056,****(
5057,옥정
5058,벽쪽
5059,동인
5060,종이
5061,양팔
5062,서서히
5063,장보고
5064,파스
5065,무안
5066,화로
5067,중골
5068,협착사고
5069,제동
5070,이사
5071,ooo
5072,영통
5073,몸통
5074,잡아주고
5075,풀린
5076,노선
5077,내려놓다
5078,분산
5079,4.2
5080,두통
5081,인성
5082,7~8
5083,텍스
5084,기어
5085,나르던
5086,짧아
5087,402
5088,배후
5089,아님
5090,쓰러
5091,미세한
5092,선적
5093,화약
5094,내려오며
5095,닫던
5096,4.3
5097,접힘
5098,붙어있는
5099,썬
5100,돌리다가
5101,침실
5102,승강장
5103,약품
5104,냉각탑
5105,장약
5106,닿는
5107,장도리
5108,경미하다고
5109,스마트
5110,외래
5111,거의
5112,지휘
5113,폭염
5114,정화
5115,절토
5116,찢어지면서
5117,세부
5118,컨트롤
5119,08분
5120,개조
5121,굵은
5122,44분
5123,스런
5124,빠짐으로
5125,외과
5126,마당
5127,김천
5128,902
5129,일동
5130,목뼈
5131,방망
5132,질식
5133,출입통제
5134,굴러서
5135,필터
5136,팬
5137,부산대학교
5138,기대
5139,동남
5140,턴테이블
5141,조끼
5142,초진
5143,차트
5144,벌어짐
5145,슬립
5146,PF
5147,간부
5148,샤프트
5149,마를
5150,근접하여
5151,돌발
5152,절용
5153,쓸리면서
5154,휴대폰
5155,유치원
5156,드레
5157,넘어지고
5158,앉았다
5159,경상북도
5160,북쪽
5161,높이는
5162,말고
5163,했음에도
5164,뇌진탕
5165,묶여
5166,공병
5167,소각
5168,생겼다고
5169,삼성
5170,레바
5171,미추
5172,감각
5173,튕긴
5174,아무런
5175,있도록
5176,650
5177,갱문
5178,올려주는
5179,박혀있던
5180,그루
5181,주정
5182,리거
5183,CV
5184,압축
5185,흡착
5186,락볼트
5187,역하여
5188,잡음
5189,기록
5190,남웅
5191,PKG
5192,수지구
5193,59
5194,불편하여
5195,엇
5196,에만
5197,경사지
5198,강설
5199,AREA
5200,잡으면서
5201,주요
5202,부속품
5203,전단
5204,반공
5205,치부
5206,올리려다
5207,고지
5208,합동
5209,가지치기
5210,남양주
5211,되기
5212,자료
5213,활
5214,한세상
5215,대명
5216,에프
5217,걸던
5218,남부
5219,혹
5220,대합실
5221,커피
5222,이어짐
5223,쓰고
5224,질렀다고
5225,목동
5226,Zone
5227,326-1
5228,메리어트
5229,큐베컨
5230,따르면
5231,아침이슬
5232,부탁
5233,조종수
5234,넘여
5235,바탕
5236,갔음
5237,직업병
5238,Pulley
5239,토막
5240,성남시
5241,43
5242,마이
5243,쇠사슬
5244,남아있던
5245,필요함
5246,ㅇㅇㅇㅇ
5247,연약
5248,송수관
5249,돕던
5250,20.7
5251,취함
5252,보유
5253,시추
5254,했을
5255,래인
5256,일상
5257,이런
5258,재판
5259,뇌경색
5260,까
5261,뮤
5262,대청댐
5263,계통
5264,Ⅲ
5265,여유
5266,됩니다
5267,물려
5268,않으며
5269,실의
5270,.·
5271,아니하고
5272,토류벽
5273,19.10
5274,19.9
5275,기온
5276,용하고
5277,세브란스
5278,아들
5279,보면서
5280,척
5281,1206
5282,원통
5283,설치전
5284,시브
5285,복사
5286,샘
5287,뚝
5288,진주시
5289,전소
5290,금액
5291,16:00시
5292,차병원
5293,지축
5294,27분
5295,제주
5296,하퇴
5297,불규칙한
5298,가가
5299,막음
5300,잠깐
5301,자원
5302,기면
5303,소화전
5304,잠금장치
5305,07:00
5306,규명
5307,잡으려는
5308,버팀용
5309,그물
5310,양동이
5311,묶고
5312,벗겨지면서
5313,차바퀴
5314,안동시
5315,서진
5316,마비
5317,대나무
5318,꼬임
5319,베어링
5320,밟혀
5321,잡아당겨
5322,포항시
5323,원활한
5324,내렸고
5325,방호울
5326,부딪혔으나
5327,관경
5328,이외
5329,단일
5330,삼보
5331,진압
5332,뻘
5333,뒤집히며
5334,많아
5335,데임
5336,낸
5337,LNG
5338,장력
5339,RAMP
5340,아랫
5341,사이즈
5342,잠수부
5343,뒷정리
5344,깨져
5345,HDPE
5346,아이파크
5347,흙더미
5348,촌
5349,치과
5350,서까래
5351,쏟아지면서
5352,매실
5353,읍니
5354,부딪
5355,미끄러워진
5356,기억
5357,ㅣ
5358,부딧힘
5359,된다는
5360,잠
5361,진흥
5362,조금씩
5363,부천시
5364,차원
5365,석판
5366,제지
5367,306
5368,굴곡
5369,울릉
5370,피니셔
5371,sta
5372,감김
5373,급격하게
5374,초음파
5375,경미하여
5376,신세계
5377,Slab
5378,하다고
5379,소유
5380,가중
5381,필러
5382,짚
5383,코스
5384,깔아놓은
5385,태임
5386,덧
5387,씌우기
5388,숨
5389,심폐
5390,치던
5391,수선
5392,충청남도
5393,감던
5394,인천광역시
5395,살이
5396,404
5397,주부
5398,참여
5399,유러
5400,나가면서
5401,사업자
5402,내려주는
5403,일어서던
5404,열리면서
5405,넘어졌습니다
5406,혈압
5407,디디는
5408,강연
5409,자르다
5410,파상풍
5411,통상
5412,들다
5413,묶어놓은
5414,******)
5415,밟자
5416,오르며
5417,서쪽
5418,분리수거
5419,뽑던
5420,감기
5421,교환
5422,음판
5423,긋하여
5424,턱밑
5425,㎥
5426,넣은
5427,김포시
5428,하기에
5429,구의
5430,들어있는
5431,병실
5432,화타
5433,밑받침
5434,우미
5435,공법
5436,불편함을
5437,걸림에
5438,넘어지려고
5439,14:00시
5440,시저
5441,처짐
5442,가옥
5443,탈의실
5444,네모
5445,전동기
5446,시키다가
5447,끝난
5448,초벌
5449,걸어주고
5450,해있던
5451,갔다가
5452,아킬레스
5453,언덕
5454,한전
5455,81
5456,OPEN
5457,덕양구
5458,끊어지는
5459,샤워
5460,있었음에도
5461,압착되
5462,꽂아
5463,힘껏
5464,딸려
5465,N
5466,계류
5467,반포
5468,걸어주는
5469,앉음
5470,정읍
5471,연약지반
5472,11:10분
5473,취한
5474,중재
5475,도부
5476,소가
5477,못잡고
5478,내려가서
5479,물리
5480,뜨
5481,일으켜
5482,듯
5483,층부
5484,조경수
5485,식재를
5486,돌리던
5487,서는
5488,스템
5489,mri
5490,점프
5491,2회
5492,랩핑
5493,450
5494,핸드폰
5495,결판
5496,돌아보니
5497,32분
5498,바이오
5499,스치는
5500,별관
5501,▶
5502,첨단
5503,WWT
5504,혹은
5505,예인
5506,테일
5507,꺾이며
5508,비로인
5509,스텐레스
5510,홈통
5511,경②
5512,26분
5513,중흥
5514,밑둥잡
5515,다마
5516,되어져
5517,헤더
5518,메달
5519,돌아서던
5520,엉치뼈
5521,11:20분
5522,메
5523,13:40분
5524,뛰어내렸으나
5525,맞춤
5526,320
5527,07:30
5528,달대
5529,말림
5530,였으나
5531,배토
5532,스포츠
5533,15:50분
5534,기대놓은
5535,기댄
5536,38분
5537,이는
5538,냉장고
5539,68
5540,쉬는
5541,오일
5542,출퇴근
5543,실려있는
5544,꺼내기
5545,붕락
5546,경상대
5547,내려앉아
5548,치우는
5549,홀더선
5550,짜리
5551,센티
5552,두개골
5553,열려있던
5554,해결
5555,컷터칼
5556,연보
5557,30년
5558,모래주머니
5559,정이
5560,누락
5561,장인
5562,부목
5563,요망
5564,굴
5565,하동
5566,농협
5567,접질러서
5568,수토
5569,취수탑
5570,쉬트파일
5571,거스
5572,용하여
5573,열교환기
5574,870
5575,매일
5576,21.06
5577,수위
5578,경부터
5579,등뼈
5580,멍애
5581,샷시
5582,상향
5583,0.4
5584,세우고
5585,화학
5586,엘
5587,입로
5588,직종
5589,지목
5590,0000
5591,민간
5592,도로로
5593,지핀
5594,부안
5595,Base
5596,극
5597,움직이자
5598,GRP
5599,21.05
5600,mX
5601,끼어있던
5602,꺼내는
5603,부선
5604,중산
5605,불시
5606,스크린
5607,카톨릭
5608,밸리
5609,클
5610,단말
5611,용한
5612,항상
5613,하였을
5614,상대
5615,됐으나
5616,배터리
5617,목표
5618,단단히
5619,직전
5620,쌓기를
5621,어깨뼈
5622,삭날
5623,필요하다고
5624,규준
5625,벗어난
5626,둥
5627,렌탈장비
5628,단축
5629,안전띠
5630,퀵
5631,23분
5632,견갑골
5633,진보
5634,중상
5635,독립
5636,차주
5637,유벡
5638,가스용기
5639,만에
5640,적하
5641,질러
5642,21시
5643,텔레스코핑
5644,180
5645,갱
5646,항문
5647,붙어서
5648,조경식
5649,장하나
5650,철도
5651,무예
5652,솔리체
5653,52
5654,심장마비
5655,바깥
5656,인데
5657,기계실
5658,좁아
5659,돌아서
5660,떨어짐으로
5661,85
5662,강진
5663,튕겨나
5664,휘니셔
5665,찾는
5666,Span
5667,착하는
5668,내리막
5669,주다
5670,일어나던
5671,MFC
5672,인계동
5673,통선
5674,없었던
5675,꺼내다가
5676,노동청
5677,)*
5678,난로
5679,상업시설
5680,배기휀
5681,붙이는
5682,빼내려
5683,광주시
5684,뛰어내리는
5685,주치의
5686,애가
5687,닦던
5688,맞았음
5689,재검사
5690,14:10분
5691,질렸음
5692,중마
5693,동화
5694,밸
5695,벽채
5696,등부
5697,타이가
5698,5-6
5699,물리면서
5700,압착됨
5701,낙반
5702,먹줄
5703,찧으며
5704,손끼임
5705,중시
5706,나가던
5707,파이
5708,했는데
5709,논
5710,느꼈다고
5711,긁히면서
5712,멈춰있던
5713,재자를
5714,거푸
5715,걸리자
5716,중위
5717,일어서면서
5718,1회
5719,사법
5720,먹고
5721,소독
5722,가드
5723,착공
5724,강시
5725,토시
5726,방호망
5727,라운드
5728,고려대학교
5729,콘트
5730,두운
5731,한국전력
5732,감당
5733,영남
5734,북진
5735,관측
5736,PSC
5737,덩
5738,펀치
5739,번빔
5740,내려서
5741,어긋나면서
5742,집중호우
5743,고환
5744,생년
5745,폐콘
5746,작물
5747,㎝
5748,대석
5749,넘어오다
5750,트랜치
5751,주제
5752,좌굴
5753,장기
5754,대위
5755,행선
5756,야기
5757,학
5758,성도
5759,시인
5760,있었는데
5761,20.04
5762,19.8
5763,덮게
5764,양수장
5765,CPB
5766,화목
5767,>
5768,신원
5769,북서
5770,경케이피건설
5771,쌓아놓은
5772,힐
5773,전형
5774,덕진구
5775,러핑
5776,민락
5777,7-3
5778,철심
5779,큐브
5780,안됨
5781,양호
5782,19.09
5783,□
5784,풍속
5785,2019.7
5786,양극
5787,적재시
5788,올바른
5789,당김
5790,악
5791,평가
5792,대기실
5793,010
5794,전화하여
5795,57분
5796,기울어진
5797,감소
5798,길어
5799,연세
5800,삼척
5801,해달라고
5802,달린
5803,크람쉘
5804,메모
5805,46
5806,줍기
5807,)/
5808,담
5809,구미
5810,횡갱
5811,3-4
5812,레오
5813,점지
5814,형틀팀
5815,닿아서
5816,추운
5817,상선
5818,유아
5819,16:20
5820,상용
5821,싱크대
5822,수납
5823,405
5824,훈
5825,플러그
5826,밀양
5827,흄
5828,설치되
5829,지켜보고
5830,고향
5831,걷던
5832,대흥
5833,대호
5834,이메일
5835,제일
5836,토목건축
5837,동리
5838,했다가
5839,보건관리
5840,하지는
5841,흘러내리면서
5842,흘러내림
5843,없다가
5844,수상함
5845,풀려있는
5846,방면
5847,불씨
5848,흙덩이
5849,냉각
5850,영동
5851,감긴
5852,기대어져
5853,꺾인
5854,호남
5855,찍혀서
5856,시선
5857,의문
5858,늘
5859,죽
5860,4초
5861,이로인해
5862,말통
5863,염화칼슘
5864,보충
5865,04시
5866,동남구
5867,21.12
5868,김해시
5869,까락
5870,손가락뼈
5871,말아야
5872,받으며
5873,막사
5874,예전
5875,무지
5876,기용
5877,절반
5878,고령자
5879,동향
5880,찌임
5881,왔음
5882,튀어나와
5883,끌리며
5884,밟
5885,학생
5886,빌라
5887,구입
5888,출장
5889,돌아감
5890,컨베이어
5891,잇는
5892,던졌는데
5893,기대어진
5894,유량
5895,전건
5896,습관
5897,소생
5898,갈기
5899,닫히는
5900,내려치다가
5901,군부
5902,터짐
5903,서광
5904,올라타
5905,토질
5906,53
5907,커뮤니티
5908,12.5
5909,잔열
5910,8분
5911,성능
5912,)****
5913,걸터
5914,지압
5915,저지
5916,서비스
5917,하든
5918,애
5919,뒤틀리면서
5920,센트럴
5921,명시
5922,에코
5923,어디
5924,6~7
5925,53분
5926,펼치던
5927,16:40분
5928,나오지
5929,충진
5930,(#
5931,기부
5932,공항
5933,구거
5934,쳐져
5935,운반자
5936,선상
5937,내려가기
5938,원초
5939,전자
5940,317
5941,튼
5942,근거리
5943,풀어져
5944,글로벌
5945,아치
5946,발진
5947,152
5948,프리미엄
5949,덮어놓은
5950,대덕
5951,p
5952,판독
5953,삐임
5954,느꼈으나
5955,5.5
5956,투기
5957,뻗다가
5958,물량
5959,선장
5960,07:20
5961,가다
5962,흡수
5963,심기
5964,측부
5965,규
5966,170
5967,건영
5968,장일
5969,달려있는
5970,42
5971,5-2
5972,애제
5973,맞추어
5974,29분
5975,걸쳐져
5976,디뎠으나
5977,ct
5978,09:40분
5979,휴게소
5980,비빔
5981,으로만
5982,놓쳤고
5983,풍화
5984,들어와
5985,철골보
5986,빼내어
5987,선경
5988,조급한
5989,컷터
5990,코킹공
5991,Crane
5992,에세
5993,깊게
5994,그래
5995,넘어졌으나
5996,넷째
5997,넘어서
5998,트랩
5999,괜찮은
6000,반쪽
6001,4-2
6002,나와서
6003,폐관
6004,센치
6005,응축
6006,군산
6007,펴는
6008,주거지
6009,포인트
6010,따라서
6011,애기
6012,인도교
6013,09:20분
6014,롯트
6015,혐기
6016,다운
6017,4-5
6018,커튼
6019,롤라
6020,안길
6021,쉴드
6022,18:00
6023,폐수
6024,둘
6025,밀대
6026,랜치
6027,3분
6028,화동
6029,견고히
6030,파출소
6031,소식
6032,연휴
6033,Sheet
6034,놓기
6035,매달림
6036,16-1
6037,일어서다
6038,140
6039,Casing
6040,쉬던
6041,이의신청
6042,ON
6043,19분
6044,일차
6045,알류미늄
6046,08:00분
6047,다툼
6048,클럽
6049,말리
6050,쳐지며
6051,안개
6052,추측
6053,27년
6054,부자연스러운
6055,해소
6056,방출
6057,블
6058,상반신
6059,약해진
6060,용인시
6061,콤프
6062,굿모닝
6063,동우
6064,측판
6065,화천
6066,공무
6067,돌아서는
6068,604
6069,전부
6070,객실
6071,수일
6072,스팀
6073,일대
6074,놓여있는
6075,묶여있는
6076,벗겨진
6077,앞서
6078,슬라이드
6079,용산구
6080,504
6081,SPAN
6082,1~1
6083,턴버클
6084,일광
6085,우산동
6086,신천
6087,1500
6088,사내
6089,벗겨져
6090,상사
6091,생후
6092,코핑폼
6093,고동
6094,돌망태
6095,꿰맴
6096,밧데리
6097,풀려고
6098,사를
6099,사천
6100,옮기려다
6101,엘보
6102,산단
6103,고가교
6104,<
6105,스텐
6106,얇은
6107,즉각
6108,삼각
6109,찧
6110,무성
6111,자고
6112,절리
6113,적십자
6114,순천향
6115,Silo
6116,리버
6117,까치
6118,보는
6119,묻힘
6120,진천
6121,영덕
6122,음료
6123,시각
6124,유가족
6125,국과수
6126,21.07
6127,support
6128,정수지
6129,겸
6130,산청군
6131,이자
6132,상류
6133,고사유
6134,해보니
6135,광대
6136,잦은
6137,받으면서
6138,료
6139,놓친
6140,였습니다
6141,건너편
6142,난후
6143,켜있는
6144,쉽게
6145,벨
6146,내진
6147,옮기고
6148,3.4
6149,잡았으나
6150,샵
6151,결제
6152,남성
6153,펼침
6154,11:10
6155,존치
6156,장용
6157,피부염
6158,되는데
6159,도와주던
6160,함꼐
6161,병력
6162,눕히던
6163,셋째
6164,였다고
6165,침술
6166,#2호기
6167,반선
6168,매지
6169,강교
6170,소매
6171,주던
6172,방염
6173,Check
6174,야외
6175,서부
6176,불편함
6177,문틈
6178,일수
6179,절판
6180,2018년
6181,TANK
6182,올라서
6183,차체
6184,22분
6185,시켰으나
6186,스쳐서
6187,CO
6188,제로
6189,에너지
6190,제초
6191,오르려는
6192,멈춰
6193,SGR
6194,당뇨
6195,걸쇠
6196,혼선
6197,상근
6198,입실
6199,망각
6200,마로
6201,투하
6202,그리드
6203,찧은
6204,단위
6205,미비한
6206,보드카
6207,택시
6208,스텝
6209,(*)
6210,헌치
6211,베란다
6212,층계
6213,해채
6214,주면서
6215,밀다
6216,사옹원
6217,연석
6218,리자
6219,찢기는
6220,21.4
6221,서천
6222,추레라
6223,옥천군
6224,이상없다
6225,켜는
6226,"1,000"
6227,담은
6228,혁신
6229,테라
6230,견디고
6231,Shoe
6232,21.04
6233,였고
6234,조정석
6235,휴먼
6236,에러
6237,벗겨지고
6238,타기가
6239,들은
6240,씨티
6241,주소지
6242,나주
6243,속초시
6244,덮고
6245,튀며
6246,딛치면서
6247,프로
6248,러크
6249,타기로
6250,여수시
6251,승자
6252,치대
6253,잡아서
6254,스탠드
6255,Ø
6256,주호
6257,설전
6258,무용
6259,SHOP
6260,우주
6261,극심한
6262,v
6263,하라
6264,송장
6265,받쳐놓은
6266,활성탄
6267,방청
6268,들러
6269,410
6270,해남군
6271,전라북도
6272,보안면
6273,주기
6274,죽전동
6275,보이는
6276,CON
6277,넘어지려는
6278,공지
6279,조건
6280,평상시
6281,폭설
6282,떻
6283,경질
6284,동일한
6285,요양원
6286,율
6287,팽팽하
6288,페리
6289,길병원
6290,2021.1
6291,산책로
6292,판교
6293,유압호스
6294,널
6295,빼려는
6296,자가용
6297,선수촌
6298,수배
6299,용성
6300,라이
6301,왔고
6302,지나면서
6303,진열
6304,활석
6305,잡목
6306,재사
6307,LPG
6308,원래
6309,MD
6310,수집
6311,방석
6312,경유
6313,질식사
6314,앉는
6315,Z
6316,떨어졌으며
6317,span
6318,Table
6319,Lift
6320,결하
6321,기계공
6322,수축
6323,쏠림
6324,부여군
6325,수생
6326,무늬
6327,코트
6328,Joint
6329,랑
6330,.-.
6331,점등
6332,빼려다
6333,자주
6334,면벽
6335,있어야
6336,압축강도
6337,놓았던
6338,box
6339,파견
6340,24분
6341,여야
6342,20.10
6343,로터
6344,015
6345,벗겨지며
6346,두피
6347,시경
6348,스펀지
6349,빼내려고
6350,마이크로
6351,풀어
6352,불충분
6353,코브라
6354,조종석
6355,익숙하지
6356,조이
6357,화스너
6358,이력
6359,OOOO
6360,성산대교
6361,재도
6362,불순
6363,스퀘어
6364,쇼
6365,악세
6366,수정구
6367,동해안
6368,륙
6369,객석
6370,깨짐
6371,OA
6372,20.03
6373,Fan
6374,무더위
6375,무릎관절
6376,탕
6377,Purge
6378,단순한
6379,3-3
6380,*(
6381,더위
6382,팅기면서
6383,열사병
6384,풍경
6385,42분
6386,회장
6387,방이
6388,선풍기
6389,폭우
6390,찾아
6391,데코
6392,ENG
6393,무수
6394,치한
6395,떨어졌고
6396,떨어지게
6397,**-
6398,셧
6399,하여서
6400,약화
6401,방서
6402,소방설비
6403,"."""
6404,002
6405,급경사
6406,가로등
6407,면끼
6408,중화
6409,철탑
6410,이므로
6411,사례
6412,쿠션
6413,Shop
6414,209
6415,되었을
6416,가천대
6417,깨는
6418,외줄
6419,보령
6420,압력계
6421,4.8
6422,제천
6423,3.9
6424,2020.4
6425,롯데
6426,로딩
6427,pt
6428,과중
6429,딛음
6430,5.0
6431,취소
6432,수용
6433,실습
6434,소홀히
6435,가져다
6436,메움
6437,안정수
6438,노총
6439,수청동
6440,"1041,104"
6441,자족
6442,20.02
6443,걸리는
6444,서창
6445,08:20분
6446,무한궤도
6447,건의
6448,공설
6449,바닥상태
6450,광양시
6451,하고도
6452,라바
6453,벌어져
6454,이지만
6455,하이랜더
6456,상대방
6457,가려
6458,SF
6459,가하자
6460,로간
6461,드립니다
6462,17:30분
6463,불편
6464,닫지
6465,직관
6466,2019.8
6467,표준
6468,따르지
6469,해야하지만
6470,구배
6471,강행
6472,적정한
6473,닫힘
6474,예측
6475,미파
6476,미부
6477,수칙
6478,모여
6479,-****-****)
6480,휴대전화
6481,NRC
6482,량
6483,걷는
6484,이어
6485,심폐소생
6486,연결하지
6487,받으려다
6488,일어서서
6489,호공
6490,수급인
6491,치료받고
6492,압착기
6493,신분
6494,52분
6495,단실에서
6496,유량계
6497,폴리에틸렌
6498,정복
6499,비덕
6500,누르는
6501,22.3
6502,번의
6503,넘어오다가
6504,복근
6505,올라선
6506,5.4
6507,형제
6508,취작
6509,185
6510,조종실
6511,뜬
6512,기자
6513,순환
6514,11:00시
6515,PY
6516,66
6517,자만
6518,끌어져서
6519,불가한
6520,짊
6521,베였음
6522,살얼음
6523,발전소
6524,07:50분
6525,제외
6526,꺼
6527,내일
6528,떨어뜨리면서
6529,팅기에
6530,13:50분
6531,*)
6532,부민
6533,밀어주는
6534,소수
6535,각각
6536,"***,"
6537,대성
6538,12:10분
6539,6~8
6540,일어나서
6541,**'
6542,도킹
6543,잡아당기다
6544,하시
6545,594-41
6546,시청역
6547,협조
6548,곡
6549,옮기려고
6550,쌍
6551,아동
6552,지청
6553,돌멩이
6554,장의
6555,흘러내린
6556,집어넣은
6557,불길
6558,다녀온
6559,421
6560,LT
6561,포천
6562,이적
6563,후렌
6564,위헤
6565,늦었습니다
6566,깨
6567,서산
6568,흥동
6569,옮겨서
6570,경장소
6571,내려놓으며
6572,앉던
6573,시기
6574,공유
6575,CUB
6576,전망대
6577,는걸
6578,정읍시
6579,알수
6580,들어가던
6581,축산
6582,박힘
6583,다친것으로
6584,충무로
6585,15:00시
6586,재설
6587,잡아주던
6588,레이더
6589,1.2021년
6590,쓰지
6591,굴절
6592,녹아
6593,09분
6594,반구
6595,끼우기
6596,되었다며
6597,고하
6598,15:40분
6599,결려
6600,용이하게
6601,자르기
6602,강화
6603,욱
6604,일링
6605,콘도
6606,태안
6607,가물
6608,조속
6609,겐트
6610,뒷굼치
6611,트위
6612,생포
6613,응시
6614,16:10
6615,보정
6616,지나가면서
6617,해빙
6618,항만
6619,705
6620,일상생활
6621,사무
6622,위층
6623,박히지
6624,부러
6625,메우기용
6626,흐트러져
6627,동해시
6628,아산시
6629,막고자
6630,컨벤션
6631,부체
6632,되있던
6633,엑셀
6634,가능하여
6635,14:40분
6636,올려져
6637,37분
6638,치우려고
6639,닿고
6640,인재
6641,가나
6642,변위
6643,벌어지며
6644,만나
6645,플러스
6646,사을
6647,연구소
6648,기울며
6649,주저앉으면서
6650,전남대
6651,보호자
6652,되어야
6653,11/23
6654,권고
6655,니스
6656,일지
6657,한상태
6658,신근
6659,아니라고
6660,퇴수
6661,의정부시
6662,당했음
6663,화판
6664,저리
6665,수해
6666,포천시
6667,1/2
6668,"(***,"
6669,미루어
6670,유압장치
6671,발을헛딛
6672,스링바
6673,SLAB
6674,한림
6675,천단
6676,가랑이
6677,선조
6678,가정
6679,한빛
6680,달서구
6681,예술
6682,됨으로써
6683,]-
6684,뒤틀림
6685,넘어지
6686,터파
6687,있는줄
6688,출렁
6689,소한
6690,다한
6691,사과
6692,나오다
6693,불면
6694,굽히고
6695,사중
6696,인의
6697,07:40분
6698,꼬인
6699,420
6700,매입
6701,철공
6702,금빛
6703,노을
6704,도용
6705,대대
6706,종로
6707,돌아서면서
6708,밀어내는
6709,불러서
6710,수목원
6711,했다는
6712,집는
6713,수련
6714,찧게
6715,완화
6716,케비넷
6717,화살촉
6718,끊어짐으로
6719,36분
6720,질러져
6721,쥔
6722,다짐기
6723,탐방
6724,적재되
6725,부딪힘으로
6726,산하
6727,기계로
6728,걸처
6729,가열
6730,무딪혀
6731,장딴지
6732,받이에
6733,느끼는
6734,골지주
6735,해마
6736,서있다가
6737,진접선
6738,차량기지
6739,13:10분
6740,올라가려던
6741,않았다고
6742,루프
6743,제트
6744,비봉
6745,잡초
6746,스크
6747,철콘
6748,튐으로
6749,실밥
6750,하였다는
6751,확충
6752,상박
6753,충주시
6754,지나다
6755,빠져나오는
6756,저녁식사
6757,박히면서
6758,짚게
6759,엿
6760,콤프레셔
6761,팅기로
6762,비상구
6763,태화교
6764,도비
6765,마구리
6766,부종
6767,)'
6768,팩
6769,꺾이는
6770,"**"""
6771,움푹
6772,접안
6773,머캐덤
6774,라지에이터
6775,자연재해
6776,13:35분
6777,작동시키는
6778,찧었습니다
6779,가능하다고
6780,리치
6781,1403
6782,않으려고
6783,너비
6784,추석
6785,가려다
6786,남단
6787,음봉
6788,유성
6789,전근
6790,RPP
6791,옥천
6792,꿰멤
6793,PM
6794,성우
6795,간것으로
6796,장병
6797,RC
6798,타입
6799,14:20분
6800,라이트
6801,지가
6802,엄지손
6803,덮어
6804,내밀던
6805,했을것으로
6806,이서
6807,바위
6808,면목
6809,미주
6810,SGP
6811,동해
6812,쇼크
6813,각반
6814,뚫던
6815,"2,000"
6816,밀려나면서
6817,영업소
6818,건너다
6819,에스제이
6820,대진
6821,해주는
6822,13:20
6823,등지
6824,눈위
6825,킬
6826,렌
6827,구실
6828,깜빡
6829,내려가며
6830,열어놓은
6831,23시
6832,져서
6833,기숙
6834,콧잔등
6835,강화도
6836,장마
6837,올려진
6838,화도
6839,양양
6840,받아주던
6841,놓치게
6842,01시
6843,기후
6844,'***'
6845,올라오다가
6846,하완
6847,노인
6848,발안
6849,도선
6850,갱생
6851,음주운전
6852,토압
6853,전락
6854,흔들리자
6855,있으니
6856,그라스
6857,808
6858,거골
6859,싸움
6860,허리뼈
6861,정기
6862,남천
6863,갑자
6864,중고
6865,차단기
6866,세균
6867,감염
6868,센티미터
6869,헛손질
6870,돌맹이
6871,주변인
6872,이름
6873,청양
6874,43분
6875,08:40
6876,벌리는
6877,골목
6878,유류
6879,브릿지
6880,수급
6881,뒤따르던
6882,장단
6883,페
6884,기물
6885,넘어뜨리면서
6886,사우나
6887,DCM
6888,채취
6889,소파
6890,(*
6891,하고있는
6892,앉아있다가
6893,안양시
6894,살포
6895,삼아
6896,어보
6897,디디
6898,벗고
6899,목욕탕
6900,버
6901,하반
6902,댐퍼
6903,자세한
6904,송천
6905,**.**.**
6906,혓디뎌
6907,어제
6908,임도
6909,교행
6910,계곡
6911,협착증
6912,개정
6913,불완전
6914,톱질
6915,묶인
6916,나면서
6917,튀는
6918,승용
6919,)]
6920,쳐진
6921,CAP
6922,임용
6923,넘어가려다
6924,10:40
6925,혀
6926,쓰러져있는
6927,부는
6928,코리아
6929,유압집게
6930,박다
6931,떠
6932,미동
6933,외피
6934,차광
6935,750
6936,변전소
6937,을지
6938,상당
6939,바스
6940,켓
6941,탑재
6942,미달
6943,아케이드
6944,비용
6945,뺀
6946,비정상
6947,경지
6948,**.**
6949,연관
6950,쓰러져서
6951,GTG
6952,덜어져
6953,헛디디어
6954,가온누리
6955,타운
6956,등짐
6957,Girth
6958,TOWER
6959,명확한
6960,mmx
6961,스터드볼트
6962,롭
6963,가판
6964,네트
6965,마침
6966,14분
6967,트렌
6968,hook
6969,정류장
6970,4.7
6971,복개
6972,스파
6973,정체
6974,넘
6975,원주
6976,01분
6977,프리
6978,블레이드
6979,도로포장
6980,캔
6981,노루
6982,스트럿
6983,리츠
6984,고양
6985,원흥
6986,띄운
6987,접종
6988,잔존
6989,털어내기
6990,날짜
6991,함바
6992,설물
6993,hole
6994,켜진
6995,범퍼
6996,붙음
6997,깔리게
6998,막으려다
6999,크리
7000,형보
7001,Jack
7002,남양주시
7003,놋
7004,높아
7005,시계
7006,급상승
7007,달성군
7008,세게
7009,내려야
7010,64
7011,대우건설
7012,커텐
7013,닫다가
7014,딛다가
7015,용지
7016,역류
7017,디딘
7018,모으는
7019,늘어남
7020,뒤틀려
7021,공문
7022,순찰중
7023,밀려서
7024,진화
7025,무선
7026,들리는
7027,코크
7028,내림으로
7029,요동치며
7030,굽힌
7031,냉온
7032,이었던
7033,긁어
7034,있으므로
7035,열기
7036,하선
7037,또
7038,잡다
7039,닦에
7040,은평
7041,빔위
7042,구경
7043,계수
7044,않으나
7045,틀어
7046,분해
7047,회음부
7048,생기
7049,강화유리
7050,PRS
7051,입었으며
7052,국동
7053,땀
7054,새만금
7055,Spool
7056,트롤
7057,08:30
7058,나오기
7059,교육장
7060,컴
7061,숏트
7062,걸어놓은
7063,부딪쳤다고
7064,디어
7065,상완골
7066,부스러기
7067,과속
7068,걷기
7069,당기며
7070,유압선
7071,보낸
7072,07:30분
7073,넘어가려고
7074,15년
7075,지만
7076,802
7077,광건티앤
7078,막힘으로
7079,유압기
7080,틀어지며
7081,파티마
7082,눌려진
7083,전송
7084,춤용
7085,데
7086,모아
7087,한진
7088,줄핀
7089,6.5
7090,밟았으나
7091,가지려
7092,전화통화
7093,호흡기
7094,흔들려서
7095,발뒷굼치
7096,돌기
7097,해온
7098,부열
7099,도리
7100,기반
7101,완벽히
7102,진구
7103,부딪혔습니다
7104,정보망
7105,기재
7106,들고서
7107,고현
7108,그때
7109,기업체
7110,진접
7111,늘어나는
7112,압롤박스
7113,경산
7114,미추홀
7115,수간
7116,강관말
7117,넘어졌으며
7118,2초
7119,.[
7120,메르
7121,락카통
7122,인해서
7123,하양
7124,4회
7125,없으므로
7126,침사
7127,지켜보던
7128,수성
7129,로는
7130,오피스
7131,숙인
7132,담벼락
7133,복장
7134,슬리퍼
7135,아침식사
7136,자전거
7137,곡관
7138,부용
7139,궤
7140,지물
7141,만성
7142,건네주는
7143,측후
7144,토크
7145,놓음
7146,굽힘
7147,49
7148,참을
7149,옮긴
7150,동기
7151,2021.2
7152,반하던
7153,해양경찰
7154,대보
7155,실업
7156,당겨서
7157,홍제
7158,갈아입고
7159,1267-34
7160,가설휀스
7161,전하
7162,프라이머
7163,가하는
7164,얼어있는
7165,이번
7166,씽
7167,께서
7168,그냥
7169,강하
7170,내려놓기
7171,한파
7172,떨어뜨리는
7173,났습니다
7174,월간
7175,장식
7176,합병
7177,눕히는
7178,코등
7179,옮기면서
7180,놓치는
7181,쏟아짐
7182,웨
7183,길게
7184,각도기
7185,12:50분
7186,Furnace
7187,압착사고
7188,1022-3
7189,메시
7190,여장
7191,치우쳐
7192,갱폼공
7193,장안
7194,극장
7195,12:00
7196,적제
7197,14:50분
7198,사와
7199,합류
7200,근력
7201,시리아
7202,까는
7203,바켓
7204,입수
7205,Cooling
7206,치우지
7207,가하면서
7208,는라
7209,분당
7210,베일
7211,늘어난
7212,헛디져
7213,사는
7214,놓치고
7215,늦어진
7216,Box
7217,됨을
7218,14:50
7219,FRP
7220,맞추려고
7221,줍고
7222,기대면서
7223,임금
7224,1103
7225,605
7226,의성군
7227,안양
7228,48분
7229,멈추기전
7230,내려놓아
7231,무더기
7232,130
7233,중부지방
7234,포상
7235,컬
7236,원활하게
7237,편철
7238,산악
7239,짖
7240,FAB
7241,만으로
7242,주지
7243,광안
7244,플랫
7245,거기
7246,서울특별시
7247,주름
7248,뒤틀리며
7249,반달
7250,다락
7251,sheet
7252,AD
7253,브룸
7254,의치
7255,찌르는
7256,2000
7257,리드
7258,부딪혔다
7259,지부
7260,걷어내는
7261,집게발
7262,흔드는
7263,힌지
7264,전시관
7265,정거
7266,진도
7267,1201
7268,전정기
7269,널려
7270,TRAY
7271,독
7272,15:40
7273,유성구
7274,공산
7275,들고있는
7276,이수
7277,고의
7278,역도
7279,억
7280,넘는
7281,류지
7282,용문동
7283,못잡아
7284,척추골절
7285,오염
7286,그것
7287,예약
7288,조퇴
7289,동천
7290,육상
7291,59분
7292,바라보며
7293,연창
7294,사적
7295,유물
7296,창조
7297,했지만
7298,원칙
7299,다칠
7300,피아
7301,투광
7302,내리며
7303,줄이기
7304,754
7305,호일
7306,땅속
7307,도로공사
7308,안되는
7309,일어나면서
7310,작업시간
7311,LIFT
7312,CAR
7313,내습으로
7314,막힘
7315,급격한
7316,무량
7317,남원시
7318,41.9
7319,15.2
7320,도의
7321,양구군
7322,서면
7323,안전표지
7324,3.3
7325,호에
7326,감일
7327,풀리는
7328,팬던트
7329,킥백
7330,모르타르
7331,중도
7332,2.1
7333,잘려진
7334,월일
7335,세브란스병원
7336,가져오기
7337,유도로
7338,죽통
7339,16:20분
7340,일일
7341,1204
7342,혼합물
7343,SQ
7344,밟고있던
7345,연결하고
7346,58
7347,엠씨
7348,돌담
7349,人
7350,결착
7351,20.07
7352,주주
7353,매던
7354,무석
7355,셔터
7356,심장질환
7357,합병증
7358,쇳조각
7359,현씨
7360,멈추고
7361,역작
7362,장마철
7363,인서트
7364,부부
7365,눈동자
7366,37
7367,괜찮다며
7368,이면
7369,인터넷
7370,낙동강
7371,짚었으나
7372,제약
7373,동아
7374,유해
7375,flashing
7376,세그먼트
7377,상당구
7378,놓
7379,올라서던
7380,16:50분
7381,쟈
7382,컬럼
7383,자켓
7384,떨어짐을
7385,처분
7386,받치는
7387,혈액
7388,PCW
7389,영화관
7390,불안정하여
7391,갈퀴
7392,동포
7393,웨이트
7394,켜있던
7395,가입
7396,탁
7397,증후
7398,121
7399,ㅁ
7400,부서져
7401,End
7402,그러져
7403,면적
7404,HRSG
7405,704
7406,화염
7407,하기에는
7408,일어
7409,쓰던
7410,청구
7411,1년
7412,안식
7413,싣기
7414,표층
7415,걸쳐놓은
7416,쏘
7417,부력
7418,무름
7419,설지
7420,내려놓자
7421,불어온
7422,연고
7423,삼각형
7424,토석류
7425,래그
7426,2020.3
7427,래버
7428,카바
7429,로터리
7430,기동
7431,소의
7432,백상
7433,유압유닛
7434,인버트
7435,흔적
7436,재결
7437,증언
7438,보다가
7439,계룡
7440,표지
7441,높지
7442,아레
7443,swc
7444,올레
7445,도우
7446,격납고
7447,국토부
7448,아연
7449,녹이는
7450,스팬달
7451,화정동
7452,10:20분
7453,쓰레기봉투
7454,본당
7455,구청
7456,2020.1
7457,일어나다
7458,횡단보도
7459,벨브
7460,트랜스포터
7461,그런
7462,지질
7463,가려져
7464,19.12
7465,구분
7466,꿈치뼈
7467,스판크
7468,몸싸움
7469,롯드
7470,롯드렌치
7471,르
7472,기트
7473,트랜치관
7474,펜치
7475,핸드쟈키
7476,메놀
7477,휠
7478,사각수
7479,리미트
7480,적업
7481,3.1
7482,퍼린
7483,미이용
7484,내습
7485,정물
7486,종결
7487,용법
7488,겹친
7489,가늠
7490,보밑
7491,흰자
7492,로립
7493,캐비닛
7494,키보
7495,돌발상황
7496,이동해
7497,헛딛임
7498,수시로
7499,동전
7500,해서는
7501,부족함
7502,대고리
7503,상하동
7504,거도
7505,미주시
7506,옮길
7507,날림
7508,지형
7509,강성
7510,소흘
7511,않아야
7512,넣음
7513,Hatch
7514,샤시
7515,내력
7516,지침
7517,이해도
7518,착수
7519,1분
7520,안산시
7521,고려대병원
7522,검안
7523,폐정
7524,만나는
7525,성화
7526,렉
7527,같으나
7528,갈아
7529,부여
7530,스파이럴
7531,맞추려다
7532,관보
7533,맑은
7534,케어
7535,고성군
7536,거류면
7537,까지의
7538,세란
7539,견봉
7540,과천시
7541,09:45
7542,선고
7543,심근
7544,경색
7545,열재
7546,양주시
7547,하게한
7548,당했습니다
7549,8.6
7550,특별자치도
7551,제주시
7552,들기
7553,16:35분
7554,거정
7555,편중
7556,하비래
7557,보라
7558,안해
7559,구리
7560,경간
7561,양용
7562,얼어있던
7563,ASG
7564,글라스
7565,사비
7566,904
7567,온천동
7568,윙
7569,윤상
7570,406
7571,신평
7572,협착함
7573,하려구
7574,내서읍
7575,삼계리
7576,되면
7577,결핍
7578,버티고
7579,부딪히게
7580,상급
7581,경사지게
7582,09:50
7583,슬로프
7584,AA
7585,리터
7586,횡성
7587,주며
7588,돌아서다가
7589,교동
7590,3회
7591,추워
7592,잠수복
7593,거점
7594,강진군
7595,91
7596,설한
7597,.~
7598,벌어지면서
7599,거쳐
7600,부곡동
7601,통속
7602,내용물
7603,6-2
7604,로트
7605,틀어지면서
7606,휘청
7607,단선
7608,늦어서
7609,올려주다가
7610,택
7611,톱밥
7612,어깨부상
7613,콘탑
7614,금남로
7615,없던
7616,작일
7617,여름철
7618,취약
7619,콤팩터
7620,제철
7621,곡선
7622,11:20
7623,압입
7624,가져
7625,창동
7626,소실
7627,느껴서
7628,올라가려다
7629,가볍게
7630,616
7631,유배
7632,문수
7633,이었습니다
7634,strut
7635,116
7636,1-5
7637,레카
7638,정선
7639,오비
7640,.'
7641,갔고
7642,중증
7643,09:00시
7644,기대어놓은
7645,용공
7646,내려치던
7647,감천
7648,팽팽
7649,느슨해
7650,넘어진것으로
7651,난다고
7652,세이프
7653,심화
7654,좌대
7655,해논
7656,확진
7657,음성군
7658,답사
7659,우석
7660,다만
7661,다음주
7662,안전하
7663,y
7664,넘어지거나
7665,갯벌
7666,쏘일
7667,3~4일
7668,에이
7669,앤지
7670,흙속
7671,원종동
7672,셋팅
7673,융
7674,칡
7675,잘리지
7676,않던
7677,불편함이
7678,뚫다가
7679,겁
7680,셀
7681,**’
7682,08:10분
7683,덩이
7684,뒤집히면서
7685,쓸림
7686,5-1
7687,넣다가
7688,1302
7689,의지
7690,이였고
7691,박공
7692,팔달구
7693,장산
7694,상적
7695,흘러나와
7696,처짐이
7697,골목길
7698,60일
7699,넘어졌는데
7700,않는다고
7701,옥산
7702,비인대
7703,아프지
7704,일주
7705,차서
7706,core
7707,모빌
7708,신흥
7709,신곡
7710,동결
7711,정형
7712,이토
7713,신관
7714,햄스트링
7715,숙박
7716,관광
7717,메우기를
7718,중공
7719,폴
7720,확대
7721,건조기
7722,14:00분
7723,OFF
7724,잡업
7725,망막
7726,8~9
7727,자해
7728,2440
7729,들었습니다
7730,순서대로
7731,뽑아
7732,던지던
7733,원심력
7734,11/22
7735,갔는데
7736,득
7737,하기가
7738,유제
7739,토치
7740,움직이려다
7741,떼어내는
7742,17:00시
7743,삼척시
7744,416
7745,211
7746,구부러진
7747,9.2
7748,7.5
7749,넥스
7750,수성구
7751,육아
7752,넘어집
7753,진례면
7754,방범
7755,2/3
7756,밟힌
7757,데리
7758,필요하여
7759,구로구
7760,핸들러
7761,지니
7762,Valve
7763,놓았으나
7764,치구
7765,내민
7766,영일만
7767,붙잡으려다
7768,off
7769,구인
7770,움직일
7771,헐
7772,뛰어넘다
7773,반촌
7774,강의
7775,걸음걸이
7776,음주
7777,보았고
7778,씀
7779,슁글
7780,고촌읍
7781,육로
7782,아울렛
7783,힘주어
7784,만들어
7785,느슨해져
7786,풀리
7787,충북대
7788,여닫이
7789,부딛히면서
7790,전해
7791,들음
7792,율동
7793,축구장
7794,용량
7795,내려오려고
7796,흩어진
7797,의학
7798,지나는
7799,앉으며
7800,꿰맨
7801,408
7802,거사
7803,관상
7804,성진
7805,뒤집혀
7806,12:30분
7807,지열
7808,1203
7809,노화
7810,지하상가
7811,스테인리스
7812,가톨릭병원
7813,주물
7814,섭취
7815,단전
7816,빠져나오기
7817,실리
7818,이르게
7819,기성품
7820,꺼지면서
7821,하월
7822,225
7823,세명
7824,뒷다리
7825,고흥군
7826,중바
7827,되여
7828,해도
7829,■
7830,들어오던
7831,성공
7832,BC
7833,원후
7834,손목인
7835,떨어졌음
7836,08:00시
7837,기실에서
7838,일군
7839,permanent
7840,bl
7841,용이하도록
7842,아주대병원
7843,래퍼
7844,세종시
7845,3~5
7846,13:58
7847,장바닥
7848,2400
7849,활주로
7850,증기
7851,밀폐
7852,방충
7853,압접
7854,디딜
7855,용전
7856,충주
7857,잘못짚어
7858,맞았습니다
7859,다쳤다는
7860,무너짐으로
7861,되었다가
7862,삼호대교
7863,골정
7864,뭍
7865,당기고
7866,밑단
7867,발톱
7868,때리는
7869,조치원
7870,상주시
7871,문경시
7872,선교
7873,청해진
7874,박동
7875,융착
7876,융착기
7877,말목
7878,관서
7879,닫으려고
7880,커플러
7881,일환
7882,손실
7883,유압절
7884,방파
7885,1-4
7886,용품
7887,온누리
7888,윌
7889,대략
7890,넘으려다
7891,건너
7892,사이언스
7893,첩
7894,부제
7895,괜찮을줄
7896,108~109
7897,가보
7898,시민
7899,이상의
7900,순천시
7901,#3번
7902,임부
7903,갠
7904,추리
7905,빠져나와
7906,층외벽
7907,경동
7908,하우
7909,겨
7910,가람
7911,키다
7912,찍는
7913,딛어서
7914,계양구
7915,흔들
7916,선두
7917,분야
7918,Top
7919,유역
7920,연결함과
7921,배달
7922,내포
7923,한덕
7924,홉바
7925,형틀목
7926,감곡
7927,발사
7928,덜컹
7929,세영
7930,농축
7931,노블
7932,면귀
7933,치임
7934,평균
7935,탈황
7936,기반시설
7937,가락
7938,40~50분
7939,건너가는
7940,가해지며
7941,스치고
7942,지나감
7943,균형감각
7944,약학
7945,넘어지다
7946,빗나가
7947,때린
7948,상자
7949,평활
7950,찾으러
7951,***(**.**.**)
7952,뛰어내리던
7953,작업기
7954,꼬여서
7955,801
7956,살수기로
7957,진공청소기
7958,종아리뼈
7959,스프라켓
7960,이스트로
7961,줄걸
7962,교면
7963,.)-
7964,3/4
7965,아주대
7966,배우자
7967,대구광역시
7968,산병
7969,외주
7970,충혈
7971,걸리고
7972,끌려가면서
7973,재래식
7974,내딛어
7975,수근
7976,견본주택
7977,짚어서
7978,원효로
7979,Bracing
7980,피뢰침
7981,의학과
7982,쇳
7983,일인
7984,구석
7985,받쳐져
7986,지켜보다가
7987,#17Span
7988,#18Span
7989,불능
7990,구부린
7991,태씨
7992,누마루
7993,마련
7994,동관
7995,깸
7996,리프
7997,로코
7998,슬관절
7999,빠짐과
8000,캣
8001,25년
8002,外
8003,03분
8004,따로
8005,시스
8006,담아서
8007,상업
8008,삼평동
8009,기울인
8010,중리
8011,도저
8012,특
8013,주유소
8014,마가
8015,더블
8016,듯이
8017,재시
8018,단수
8019,충수
8020,내서
8021,록
8022,138
8023,계부
8024,동강
8025,탈수
8026,벗어나는
8027,던지는
8028,해보자고
8029,동거
8030,빼내다가
8031,주식
8032,건드리면서
8033,틀어짐
8034,결손
8035,DMC
8036,해경
8037,함양군
8038,굽
8039,티비
8040,햇볕
8041,가리개
8042,기함
8043,460
8044,아세아
8045,09:50분
8046,논산시
8047,바로잡는
8048,석방
8049,경공
8050,cip
8051,영덕군
8052,--
8053,12분
8054,조합
8055,법인
8056,분뇨
8057,동진
8058,잡아주다
8059,장판
8060,장유
8061,사상
8062,삼화
8063,흔들던
8064,싱크홀
8065,개당
8066,02시
8067,들어가기
8068,Block
8069,날리면서
8070,부닺힘
8071,빈공간
8072,황실
8073,자람
8074,부러지고
8075,실패
8076,유원
8077,수도권
8078,늦어졌습니다
8079,1.25
8080,하였기
8081,빠레트
8082,투여
8083,증세
8084,담장이
8085,휘청거리며
8086,레
8087,원함
8088,화교
8089,쓸려
8090,제자리
8091,눈쪽
8092,일해
8093,11:03분
8094,309
8095,직선
8096,커플링
8097,곡부
8098,칼럼
8099,해야하는
8100,받치려는
8101,뚫기
8102,소모
8103,팀원
8104,고사항
8105,형특
8106,708
8107,재자인
8108,밟을
8109,솟음
8110,평형
8111,차하던
8112,'-
8113,BOOM
8114,이격된
8115,상관관계
8116,정근
8117,별기
8118,누워있는
8119,잃
8120,벌리던
8121,돌아가
8122,13:40
8123,묶었던
8124,풀어지면서
8125,;
8126,HD
8127,구부리기
8128,장외
8129,전표
8130,19:00
8131,기상
8132,지혈
8133,과천
8134,409
8135,지켜보자는
8136,시력
8137,커뮤
8138,타기의
8139,느꼈지만
8140,07:50
8141,315
8142,막대
8143,형식
8144,필요하다
8145,하였다가
8146,가려고
8147,스팅
8148,block
8149,Colum
8150,룰
8151,사격
8152,넣으려다
8153,우드
8154,쫄대
8155,부정맥
8156,대와
8157,10:00시
8158,뛰어가다
8159,갑
8160,락카
8161,텐
8162,있는걸
8163,김천시
8164,공전
8165,백신
8166,설현
8167,804
8168,되어진
8169,봉담
8170,메지
8171,상무
8172,실과
8173,無
8174,사위
8175,넣지
8176,빠지게
8177,후퇴
8178,711
8179,생신
8180,창밖
8181,550
8182,건염
8183,강서
8184,전봇대
8185,울리며
8186,청각장애
8187,막용
8188,하겠다는
8189,진공
8190,내딛으면서
8191,방류
8192,받게
8193,530
8194,건드려서
8195,드날
8196,끄
8197,건양대
8198,21.5
8199,멘트
8200,장흥
8201,걸리지
8202,ㄹ
8203,갈
8204,뒤집어져
8205,칭기
8206,큐비
8207,서남
8208,STRUT
8209,질렸다고
8210,다중
8211,점자
8212,볼수
8213,정재
8214,2021.5
8215,6.0
8216,차는
8217,끌림으로
8218,Pump
8219,두발
8220,솔루션
8221,응집
8222,내려진
8223,주져
8224,꼬이면서
8225,누르다가
8226,덮게를
8227,평활하지
8228,소방관
8229,*******
8230,받아치기로
8231,강조
8232,이의
8233,제기
8234,가려진
8235,조로
8236,경적
8237,35년
8238,넣어서
8239,옷깃
8240,일직선
8241,던진
8242,들려고
8243,프라스
8244,15:20
8245,삼일
8246,"""("
8247,걸쳐서
8248,줍는
8249,2021.4
8250,장부
8251,겉
8252,눈밑
8253,날라와
8254,해오던
8255,나왔고
8256,들자
8257,"1,200"
8258,덮치는
8259,우정
8260,받칠
8261,대각선
8262,둘이서
8263,돈
8264,덮은
8265,127
8266,입었고
8267,계장
8268,있은
8269,카페
8270,제한속도
8271,척수
8272,묻힌
8273,판낼
8274,부서지며
8275,미수
8276,회피
8277,제동장치
8278,회의
8279,마사지
8280,노견
8281,주저앉은
8282,개체
8283,감재
8284,의령군
8285,다년
8286,내면
8287,동성
8288,연구
8289,상완부
8290,왕복
8291,위함
8292,)*****
8293,숙이는
8294,느슨한
8295,부른
8296,꽂아서
8297,드려
8298,헬멧
8299,숙여
8300,경지하
8301,당하였다고
8302,올려다
8303,누설
8304,메트로
8305,195
8306,붕괴하여
8307,장업
8308,분말
8309,반려
8310,폴리카보네이트
8311,담수
8312,접으면서
8313,무심
8314,양주
8315,모범
8316,회전기
8317,두기
8318,덕천
8319,신장
8320,BRD
8321,인출선
8322,경련
8323,뒤집어
8324,개거에
8325,2021.3
8326,17:00분
8327,잘린
8328,이러한
8329,알렸습니다
8330,국토교통부
8331,끝나
8332,잡을려고
8333,휴지
8334,받
8335,2.15
8336,풀어진
8337,타기를
8338,재자와
8339,휀룸실
8340,재중
8341,빼려고
8342,청력
8343,건강검진
8344,일어서다가
8345,주안동
8346,나비
8347,올라서다가
8348,놓치
8349,헛딛뎌
8350,석유화학
8351,시내
8352,다량
8353,Rock
8354,흙손
8355,레버스페너
8356,중로
8357,][
8358,호의
8359,전력관
8360,압사
8361,알미늄
8362,08:20
8363,부토
8364,구룡
8365,가속
8366,Pier
8367,연령
8368,오덕
8369,점착
8370,메기
8371,펼치는
8372,강남구
8373,뽑은
8374,계기
8375,10:10
8376,평동
8377,쿨링
8378,잡았던
8379,두리
8380,골격
8381,처인구
8382,차양
8383,삼천포
8384,넘어졌음
8385,이니
8386,성산
8387,/**
8388,미흡하게
8389,방어
8390,성북구
8391,어떤
8392,33분
8393,bracing
8394,발밑
8395,일찍
8396,라바콘
8397,헤체
8398,서두르다
8399,완벽하게
8400,신용
8401,엠투
8402,음지
8403,렉산
8404,룡
8405,치핑
8406,금호동
8407,본능
8408,튄
8409,볼라드
8410,앞선
8411,들어오지
8412,대야
8413,18분
8414,21.02
8415,열던
8416,뷰
8417,잃자
8418,16년
8419,혈종
8420,버팀으로
8421,line
8422,흉골
8423,맞추다가
8424,순천향대
8425,20.2
8426,단절
8427,착한
8428,지인
8429,태그
8430,GPS
8431,post
8432,헛디딘
8433,15.5
8434,당산동
8435,시나이
8436,빗질
8437,조명등
8438,내려놓으면서
8439,파인
8440,쓰다가
8441,차작
8442,담고
8443,Channel
8444,숲
8445,장미
8446,떼
8447,Dry
8448,Open
8449,기륭
8450,01.28
8451,16:10분
8452,불규칙
8453,무릎부상
8454,협동조합
8455,경사고내용
8456,OBL
8457,154
8458,론손
8459,꿰
8460,놓아야
8461,올렸으며
8462,올라가려
8463,부스
8464,07분
8465,임대주택
8466,어린이
8467,없습니다
8468,영상의학
8469,떨어지자
8470,꼬챙이
8471,묻혀있던
8472,아르곤
8473,프
8474,성환
8475,적법하게
8476,장원
8477,백레스트
8478,벗기고
8479,동양
8480,바른
8481,TPS
8482,받기를
8483,아프다는
8484,등위
8485,역하였으나
8486,00엔
8487,정총
8488,들며
8489,건너가던
8490,붕대
8491,마북동
8492,06:40분
8493,받았다는
8494,구의동
8495,경주시
8496,부득이
8497,고창
8498,901
8499,후유
8500,염려
8501,관목
8502,북부
8503,케
8504,마트
8505,액화
8506,평평한
8507,죠
8508,독단
8509,폰
8510,태광
8511,급발진
8512,완손
8513,11:15
8514,일으키는
8515,붙여놓은
8516,로병
8517,빠져나가
8518,붙이
8519,버너
8520,여겨
8521,21.01
8522,합선
8523,잡아주다가
8524,단순히
8525,알았으나
8526,세탁실
8527,켜져있는
8528,굴러와
8529,사격장
8530,쳐다보는
8531,10.5
8532,지번
8533,지나가기
8534,수구
8535,홍성의료원
8536,무명
8537,49분
8538,홀딩
8539,쓰려져
8540,470
8541,zone
8542,608
8543,버력
8544,850
8545,33700
8546,SUPPORT
8547,쉴
8548,브러쉬
8549,예배
8550,퍼스트
8551,스텐문
8552,돼
8553,팅겨
8554,에이스
8555,송정
8556,프렌치
8557,병증
8558,되었다는
8559,기소
8560,pe
8561,나르는
8562,Siding
8563,덕광
8564,극상
8565,나가게
8566,김영
8567,도목
8568,2020.2
8569,방습
8570,에게도
8571,소명
8572,쏟아지며
8573,짚었던
8574,보존
8575,연산동
8576,빼내려다
8577,열중
8578,전북대
8579,맺혀
8580,1105
8581,헛딛는
8582,흔들림에
8583,재활
8584,숙성
8585,2년
8586,창녕
8587,경미하다
8588,국도건설
8589,쌓여진
8590,상담
8591,죽곡
8592,찧고
8593,몸무게
8594,2020-10
8595,쌓여져
8596,정위
8597,오함마
8598,내려가려고
8599,정공
8600,중발
8601,중력
8602,-(
8603,당기려고
8604,125
8605,연경
8606,Sump
8607,Compressor
8608,10.15
8609,삭초
8610,결국
8611,바꿔
8612,해임
8613,보안등
8614,버린
8615,옥계
8616,협동
8617,침전
8618,바꾸는
8619,유서
8620,건입동
8621,클럼프
8622,흉
8623,걸쳐진
8624,실험
8625,보도부
8626,Cooler
8627,1702
8628,효창
8629,출하
8630,스키드로
8631,뒤틀림으로
8632,한다
8633,탁상
8634,들어갔고
8635,지켜보는
8636,오존
8637,을지대
8638,마개
8639,복통
8640,홍보
8641,연직
8642,가로질러
8643,10년
8644,위례
8645,넘어가며
8646,플렛
8647,세운
8648,유치
8649,BBB
8650,check
8651,싣다가
8652,괴산군
8653,윈찌
8654,드림
8655,앞발
8656,끊어지며
8657,슬래그
8658,미끄러지
8659,헴머
8660,프랜트
8661,한족
8662,뻔
8663,맥
8664,느슨해진
8665,갈라지면서
8666,열려있는
8667,JCT
8668,door
8669,도담
8670,영천
8671,O
8672,서있는
8673,현교
8674,DR
8675,혈
8676,빼면서
8677,정비공
8678,쓰러짐으로
8679,단열
8680,개착부
8681,홍천군
8682,홍천
8683,NCC
8684,부평역
8685,오리
8686,가장
8687,꼽
8688,남겨
8689,CORE
8690,펴고
8691,백호기
8692,사상구
8693,괘법동
8694,559-11
8695,찧었음
8696,천추
8697,아프다며
8698,되었는지
8699,belt
8700,잡아당기다가
8701,412
8702,3201
8703,흔들거리
8704,에서야
8705,문하부
8706,옮기려
8707,비틀리면서
8708,자석
8709,고결
8710,삽교
8711,소개
8712,냉동
8713,지하계
8714,떨어지던
8715,창가
8716,방배
8717,Steam
8718,정당함
8719,이물
8720,마기
8721,치우고
8722,트는
8723,해주기
8724,하시다가
8725,일을하다
8726,눕히고
8727,하는대로
8728,SSD
8729,하자가
8730,덮힌
8731,7.31일
8732,조림
8733,Sealock
8734,15:20분
8735,렌트
8736,채우는
8737,문화센터
8738,손위
8739,수상하는
8740,물줄기
8741,Pad
8742,Trench
8743,높낮이
8744,건조
8745,제시
8746,해안로
8747,분출구
8748,10:50
8749,발성
8750,높음
8751,일괄
8752,령
8753,규칙
8754,박히는
8755,토석
8756,라이스
8757,감이동
8758,99-1
8759,고지연
8760,2020.7
8761,이동속도
8762,41
8763,묻어있는
8764,깔아
8765,삐었음
8766,대어
8767,안보
8768,레진
8769,~-
8770,동면
8771,하였다며
8772,설단
8773,바르고
8774,부딛히며
8775,불완전하게
8776,98
8777,보냄
8778,관행
8779,넘어와
8780,당하게
8781,관할
8782,바로잡기
8783,적치하여
8784,떨어졌다고
8785,타인
8786,콤비
8787,경화
8788,느끼지
8789,티엔
8790,재자에게
8791,좌표
8792,완
8793,벼
8794,내려옴
8795,벗은
8796,어긋남
8797,도상
8798,꽂는
8799,밟지
8800,터미널
8801,적치를
8802,미러
8803,공부
8804,던지면서
8805,도정
8806,칩
8807,20.05
8808,밀린
8809,질렸다
8810,소음기
8811,다듬기
8812,협차
8813,떼어내기
8814,흥덕구
8815,기건
8816,판형
8817,필름
8818,시켜주는
8819,왔다고
8820,넘어가기
8821,뒤채
8822,부단
8823,폭행
8824,타기에
8825,건널
8826,완전하게
8827,질르며
8828,참나무
8829,횡방향
8830,지원동
8831,mail
8832,성동
8833,달이
8834,602
8835,호미
8836,시카고
8837,견뎌
8838,딛여
8839,붙잡는
8840,뿌려
8841,호리
8842,리움
8843,페어
8844,로내
8845,하느라
8846,가복
8847,철저히
8848,포린
8849,담배
8850,안병원
8851,실장
8852,드레싱
8853,성산구
8854,자차
8855,펌푸카
8856,이화
8857,초교
8858,기각
8859,주보
8860,구부리
8861,쉬운
8862,기다리던
8863,담양
8864,주로
8865,사부
8866,휘니샤
8867,보건소
8868,의도
8869,일보
8870,우진
8871,미로
8872,쳤음
8873,휘트니
8874,끝나지
8875,딛게
8876,멘홀
8877,놓았는데
8878,사하
8879,우체국
8880,밴딩하
8881,입었으나
8882,뒤집기
8883,펴서
8884,던졌으나
8885,앉아있다
8886,끼우고
8887,펴기
8888,꺼내다
8889,상골
8890,20~30
8891,해밀
8892,괴산
8893,쓰는
8894,넘어지는걸
8895,넝쿨
8896,치여
8897,안암
8898,cctv
8899,불도
8900,된다
8901,없다하여
8902,안확
8903,신촌
8904,XX
8905,이동형
8906,7-8
8907,없었습니다
8908,뒤집다가
8909,웨지앙카
8910,굴려
8911,해오다가
8912,올라가고
8913,느슨하게
8914,일어나지
8915,허위
8916,행잉거터
8917,넘어짐을
8918,걸리게
8919,우발
8920,차려
8921,털
8922,민주
8923,1213
8924,예스
8925,띄우기
8926,모델하우스
8927,넘어뜨려
8928,사안
8929,문의
8930,같음
8931,버팀에
8932,피멍
8933,풀면서
8934,풀어서
8935,낙방
8936,받아야
8937,패인
8938,공교
8939,CH
8940,견치
8941,남동구
8942,펼쳐
8943,슬게골
8944,노유
8945,미거치
8946,의증
8947,부적절하여
8948,끌어지며
8949,닫히지
8950,칠하기
8951,스터럽
8952,설재
8953,태우
8954,취지
8955,영도
8956,목탑
8957,풀어놓은
8958,동원
8959,레커
8960,측은
8961,개연
8962,설연휴
8963,익
8964,자바
8965,전라남도
8966,봄
8967,의함
8968,지르게
8969,1407
8970,확실하게
8971,댄
8972,치밀어서
8973,감정
8974,빙축
8975,비롯
8976,하체
8977,광교
8978,켄틸
8979,적극
8980,불가능한
8981,부지내에서
8982,***-*)
8983,입증
8984,평진
8985,62년
8986,전개
8987,도마동
8988,무렵
8989,17:30
8990,파라솔
8991,안전지대
8992,부딪쳤음
8993,흔들리지
8994,좁아서
8995,먹을
8996,쉘터
8997,재량
8998,롤로
8999,있는것으로
9000,시청
9001,대포
9002,Size
9003,광명
9004,깊숙히
9005,단거리
9006,꼽아둔
9007,찾아가
9008,지심
9009,농구
9010,반죽
9011,내려가지
9012,019년
9013,잡철
9014,알곤
9015,짙은
9016,TEE
9017,서림
9018,이엠
9019,속초
9020,오토바이
9021,수락고
9022,건드림
9023,matt
9024,방지책
9025,바다
9026,걸쳐져있던
9027,쓰러지던
9028,닫고
9029,PCS
9030,대한민국
9031,하여나
9032,손까락
9033,고지혈증
9034,찍
9035,올리려는
9036,도쟈
9037,비구
9038,파종
9039,제조
9040,다쳐서
9041,가하기
9042,유증기
9043,정전기
9044,유주
9045,아니므로
9046,잡풀
9047,졌음
9048,토운선
9049,shell
9050,경직
9051,나가서
9052,Fastner
9053,화장
9054,창용
9055,기성
9056,포켓
9057,거창
9058,인공호흡
9059,신속하게
9060,다산
9061,어쩔
9062,상징
9063,미완료
9064,태평동
9065,디딤대
9066,절삭날
9067,높고
9068,커팅작업
9069,수습
9070,쏠려서
9071,건너는
9072,주초
9073,테크노
9074,OOOOOO
9075,들어옴
9076,카메라
9077,둔화
9078,특히
9079,하지못
9080,없도록
9081,부러짐으로
9082,항시
9083,올려놓는
9084,반시
9085,촉수
9086,아니며
9087,불안
9088,165
9089,비온뒤
9090,아닌데
9091,많지
9092,끝낸
9093,협소함
9094,끼임점
9095,특정
9096,방심한
9097,분석
9098,비스듬하
9099,헛짚어
9100,켜놓은
9101,야하는
9102,로만
9103,일으킴
9104,°
9105,더운
9106,자재관리
9107,올바르지
9108,너머
9109,익숙
9110,접은
9111,내릴
9112,막으려고
9113,충분하지
9114,하므
9115,.?
9116,미끄러질
9117,곤란한
9118,급격히
9119,준비운동
9120,조정원
9121,통행금지
9122,적치시
9123,부주의함
9124,지브
9125,보다는
9126,견고한
9127,추위
9128,알수없음
9129,반함
9130,해야되
9131,있게
9132,안전성
9133,알코올
9134,불가하였음
9135,객체
9136,은폐
9137,어려우나
9138,안되는데
9139,時
9140,성의
9141,전화해서
9142,대변
9143,본다고
9144,기우
9145,구토
9146,없서
9147,검증
9148,아내
9149,영월
9150,외력
9151,제안
9152,임무
9153,양대
9154,청원구
9155,22.03
9156,청강
9157,사회
9158,밟았고
9159,DI
9160,MCC
9161,ROOM
9162,706
9163,1970
9164,젖혀지면서
9165,15:10분
9166,그란
9167,인더
9168,펼쳐지면서
9169,기다리다가
9170,이개
9171,관혈
9172,나사못
9173,08:48
9174,심실
9175,정단
9176,산출
9177,백석읍
9178,방성
9179,소지품
9180,...
9181,감는
9182,2022.3
9183,한화
9184,원활히
9185,연약하게
9186,가왜
9187,KEB
9188,용강동
9189,배꼽
9190,재판정
9191,매립지
9192,보관장
9193,쓸고
9194,2022
9195,유진
9196,에서부터
9197,지날
9198,깔려서
9199,올라가자마자
9200,경지상
9201,잘리는
9202,내려치면서
9203,군북면
9204,지문
9205,급유
9206,제주대학교
9207,호관
9208,다가가
9209,굴뚝
9210,)***
9211,주탑
9212,관리사
9213,욺
9214,TYPE
9215,4.9
9216,688
9217,자식
9218,메어
9219,서대문구
9220,치중
9221,종골뼈
9222,2022.02
9223,*****-
9224,삔
9225,부서진
9226,벗음
9227,903
9228,동래구
9229,10:20
9230,Lv
9231,원리
9232,유통
9233,주저앉다가
9234,모릅니다
9235,쌓고
9236,기울게
9237,고저
9238,2022-01
9239,마산회원구
9240,광려
9241,중유
9242,씻기
9243,페달
9244,건드리며
9245,받쳐주던
9246,내려간
9247,16:50
9248,17:20
9249,닦기를
9250,양면
9251,숯
9252,219
9253,잔디밭
9254,리바운딩
9255,돌아왔으나
9256,차폐판
9257,교정
9258,나누고
9259,문서
9260,5.7
9261,울주군
9262,들어갔으나
9263,상실하여
9264,11:05
9265,쌍죽
9266,칠량면
9267,국민
9268,암벽
9269,카톡
9270,박인수
9271,자임
9272,홈베이스
9273,대면
9274,있기
9275,유동성
9276,세워놓고
9277,건너던
9278,대곡
9279,f
9280,열려져
9281,펑하
9282,의회
9283,분대
9284,넘기던
9285,재산
9286,46분
9287,레이턴
9288,상계
9289,큰에서
9290,열원
9291,박선철
9292,명부
9293,찢어지며
9294,터부
9295,중옆
9296,빼려다가
9297,적기
9298,Roof
9299,밑둥
9300,잘라
9301,잔가지를
9302,행위자
9303,가행위
9304,벌어져있어
9305,힘들자
9306,가능하도록
9307,상신
9308,괜찮았고
9309,없었다고
9310,아물고
9311,.->
9312,주가
9313,추세
9314,엠베드
9315,해양
9316,잔교
9317,716
9318,진도군
9319,성내리
9320,상동
9321,POST
9322,경로당
9323,동절
9324,맞았으며
9325,영농
9326,수재
9327,부딪혔
9328,블쏘
9329,행시
9330,09:00분
9331,옷감
9332,빙결
9333,사람과
9334,농기
9335,쌍촌
9336,청소년
9337,보모
9338,가져오는
9339,칸타빌
9340,돌아오지
9341,석교
9342,밴딩끈
9343,서둔동
9344,매매
9345,아니나
9346,가급적
9347,보자
9348,큰계단
9349,펄
9350,SCW
9351,맞닿는
9352,세계
9353,섬진강
9354,흩어져있는
9355,하의
9356,미원
9357,진림
9358,총무
9359,디토
9360,품목
9361,섞여져
9362,연포
9363,골점
9364,1104
9365,농원
9366,국지도
9367,동향면
9368,대량
9369,떨어졌으나
9370,형기
9371,0.1
9372,부림면
9373,한지
9374,바브켓장비
9375,중심부
9376,떨이
9377,Gusset
9378,덤핑
9379,적은
9380,미인지하고
9381,받아치다가
9382,자며
9383,필요함에
9384,묻어있던
9385,후프
9386,마곡
9387,일진
9388,뒤집는
9389,은행나무
9390,갔다는
9391,12.6
9392,가하다
9393,전경
9394,세팅
9395,오금동
9396,00:25
9397,찢어졌으며
9398,스치다
9399,경화성비봉
9400,진결
9401,상원
9402,명중
9403,틀거
9404,더워서
9405,대황
9406,2600
9407,빠져나오지
9408,컷터기
9409,요동치는
9410,챙겨
9411,수성동
9412,가능하나
9413,배재
9414,묶기
9415,이춘
9416,축의
9417,바라보는
9418,던져서
9419,원해
9420,걸려있는지
9421,담기
9422,조준
9423,일후
9424,7.0
9425,상운
9426,나산면
9427,금곡
9428,가을
9429,일어서려는
9430,비닥
9431,안좋은
9432,모현동
9433,외가
9434,번쪽
9435,기울이던
9436,220
9437,매달려있던
9438,BAR
9439,첨탑
9440,장계
9441,통영시
9442,주자
9443,노뼈
9444,17:26분
9445,했었음
9446,둔각
9447,자문
9448,".,"
9449,시범
9450,흐르면서
9451,지켜
9452,재을
9453,국방
9454,보내는
9455,톳밥
9456,물감
9457,펼치고
9458,급속
9459,방위
9460,있을
9461,논현동
9462,2930
9463,당겨와
9464,핸트
9465,늦어져
9466,물인줄
9467,층읋
9468,던짐
9469,선인
9470,침범
9471,실란트
9472,항생제
9473,성은
9474,진유
9475,위폼
9476,끊어져서
9477,삼부
9478,넘기면서
9479,동국대
9480,없다고하여
9481,찍은
9482,입어서
9483,만들어진
9484,굳어
9485,11:45
9486,대정
9487,그래픽
9488,관수
9489,걷어
9490,들이면서
9491,돌아서다
9492,스톱
9493,박으려고
9494,메일
9495,"],"
9496,****)
9497,가곡면
9498,폴리텍
9499,BTL
9500,PCB
9501,디자인
9502,컵
9503,팜
9504,였던
9505,나타남
9506,약국
9507,그동안
9508,만큼의
9509,뿐
9510,상봉
9511,당화
9512,내리려던
9513,찾던
9514,중왜
9515,줘서
9516,Water
9517,묶어서
9518,보내
9519,찾기
9520,산하수
9521,조현
9522,고르던
9523,고른
9524,뼈마디
9525,괸
9526,바이
9527,***(******-
9528,원판
9529,시아
9530,황구지천
9531,반등
9532,반면
9533,딛었는데
9534,원하였으며
9535,원하기를
9536,감삼동
9537,뻗다
9538,금산군
9539,금산읍
9540,54-4
9541,국적
9542,시드
9543,LDPE
9544,Hot
9545,House
9546,두었으며
9547,인큐
9548,묶던
9549,2~3초
9550,태전
9551,8-3
9552,알람
9553,이슈
9554,집진기
9555,강변
9556,호반
9557,로이
9558,성함
9559,붙임용
9560,부골
9561,뜯을
9562,해정
9563,융합
9564,구부려서
9565,산림
9566,MTR
9567,등화
9568,민간인
9569,넘어지지는
9570,얼마
9571,타하기
9572,청아
9573,측시
9574,남리
9575,헛뒤뎌
9576,무너짐에
9577,중부
9578,앞벽
9579,쓰이던
9580,유리면
9581,불투명
9582,뜯어내려고
9583,됌
9584,일어서지
9585,대각
9586,내려져
9587,실험실
9588,212
9589,분기점
9590,개거로
9591,돌라보다가
9592,놓으려는
9593,론
9594,나오고
9595,덮지
9596,영종도
9597,헛맞
9598,757
9599,내러오는
9600,미세하게
9601,",)"
9602,주태
9603,금진
9604,해변
9605,양빈
9606,급회전
9607,대부분
9608,경누가
9609,영광
9610,대마면
9611,영등포동
9612,2021-10
9613,관통상
9614,단성면
9615,이상한
9616,15:35
9617,절주
9618,줄용
9619,베어서
9620,15:10
9621,보병
9622,황전
9623,쇄석포설
9624,비닐하우스
9625,WTT
9626,자르면서
9627,신분증
9628,스테인레스
9629,복현동
9630,427-5
9631,지해
9632,뜯다가
9633,6.3
9634,아니여서
9635,나사렛
9636,금융
9637,0.08
9638,누르던
9639,폐락카
9640,나누리
9641,필요하지
9642,챔버
9643,탱
9644,큐
9645,딛어지면서
9646,이승재
9647,요한
9648,짚었고
9649,밀리는
9650,찍히게
9651,버리던
9652,정반
9653,연쇄
9654,꽂은
9655,피려다가
9656,꽂혀있던
9657,비탈길
9658,명진
9659,기독
9660,소망
9661,천공보
9662,도제
9663,세륜
9664,번코
9665,580
9666,간다
9667,힘들어
9668,나고
9669,무한
9670,합벽부
9671,업고
9672,HDC
9673,쓰레받
9674,반송
9675,부딛힌
9676,누리
9677,끼이게
9678,달려가
9679,주으려
9680,테
9681,워터
9682,치핑기
9683,돌아오는
9684,AIR
9685,RL
9686,절로
9687,가진
9688,일반인
9689,유니
9690,켐
9691,보은군
9692,보은읍
9693,선진
9694,남선
9695,농성동
9696,OTU
9697,베셀
9698,리크
9699,거적
9700,옥렬
9701,묘동
9702,화홍
9703,#1번
9704,내딛고
9705,생활권
9706,나와있는
9707,복중
9708,틀어져
9709,일간
9710,신빙
9711,보도육교
9712,룃
9713,차게
9714,갑천
9715,스폰지
9716,팽창
9717,닫힌
9718,MAT
9719,충청북도
9720,60~70
9721,미끄러짐과
9722,본가
9723,숙영
9724,eps
9725,343
9726,양덕
9727,설거지
9728,Temporary
9729,놓침으로
9730,승보
9731,구성
9732,롤관
9733,우방
9734,아이유
9735,쉘
9736,알아본
9737,취미
9738,방부
9739,도서
9740,무숙
9741,STR
9742,워
9743,부당
9744,때려서
9745,닦의
9746,발아
9747,올리려고
9748,측점
9749,887
9750,배송
9751,경사져
9752,넘어오면서
9753,슬부
9754,1-3
9755,격벽
9756,서귀포의료원
9757,고려병원
9758,숲속
9759,정구
9760,줍던
9761,13:00분
9762,중집
9763,쟈키
9764,고마
9765,지계
9766,옮기며
9767,오버플로우
9768,부동액
9769,2501
9770,세미
9771,예고
9772,정전
9773,긴축
9774,뚜겅
9775,잘되지
9776,올라갔으나
9777,늘어나
9778,이기고
9779,6150
9780,잣나무
9781,굴취
9782,반토막
9783,치료받음
9784,뛰던
9785,대를
9786,헬스
9787,조소
9788,그러지면서
9789,더주어
9790,#4램프에서
9791,13년
9792,오르내리는
9793,지나가
9794,기울어짐에
9795,밑판
9796,닿을
9797,윗입술
9798,거치용
9799,HOT
9800,Bolting
9801,골전
9802,풍동
9803,10:50분
9804,BHS
9805,이이
9806,상촌
9807,오우거
9808,5.8
9809,일어났다는
9810,쏨
9811,11.12
9812,월드컵대교
9813,계산동
9814,969-19
9815,음봉면
9816,개구리
9817,21.09
9818,703
9819,스키드로우
9820,황보
9821,평해
9822,철못
9823,내고
9824,날린
9825,오거리
9826,포착
9827,가려는
9828,우강면
9829,창리
9830,단스트러트
9831,ㅎ
9832,북교
9833,비개
9834,각형
9835,리모컨
9836,1400
9837,재히
9838,받혀
9839,마송
9840,단망
9841,텀
9842,생겨서
9843,여산
9844,헛딛혀
9845,CC
9846,막혀서
9847,강하여
9848,원공
9849,방사
9850,13:45분
9851,집회
9852,우즈베키스탄
9853,비명
9854,한양대
9855,빠질
9856,면목동
9857,우러
9858,칠재
9859,펜토
9860,영결
9861,대방
9862,랜드
9863,유탑
9864,라락
9865,놓으려고
9866,520
9867,절삭기
9868,우성
9869,펴에
9870,찜질
9871,은행
9872,㎏
9873,마다
9874,각립
9875,제해
9876,40~50
9877,출근길
9878,예보
9879,피항
9880,37-3
9881,둘레
9882,312
9883,전리
9884,타점
9885,06분
9886,908
9887,그룹
9888,임재
9889,다라
9890,보폭
9891,접힌
9892,21분
9893,HP
9894,유압토크렌치
9895,Stopper
9896,언어
9897,청각
9898,수화
9899,평리동
9900,510
9901,카본
9902,철골위
9903,헛디디면시
9904,친환경
9905,견출공사
9906,기울어지는
9907,이철
9908,눕혀져
9909,밀침
9910,골짜기
9911,반의
9912,백포
9913,갑문
9914,플렌
9915,열면서
9916,모바일
9917,올라갔고
9918,숄져
9919,때리면서
9920,받자
9921,위험하니
9922,잦아
9923,알렸으며
9924,집하장
9925,성빈센트병원
9926,날아온
9927,들어가다
9928,14:05분
9929,1401
9930,안정화
9931,어지러워서
9932,스치듯
9933,인가
9934,꿇는
9935,SUS
9936,잔가지가
9937,싱카
9938,되었다
9939,잃는
9940,3-12
9941,보일로
9942,IP
9943,Test
9944,Elevator
9945,6.4
9946,중간지점
9947,긁히는
9948,형광
9949,피뢰
9950,물러서다가
9951,좋은
9952,상지대
9953,돌진
9954,SR
9955,압착기계
9956,6000
9957,영산강
9958,시가지
9959,봉고
9960,걸림과
9961,튕겨지
9962,60%
9963,전북대학교
9964,방폭
9965,동대문구
9966,장안동
9967,오케이
9968,898
9969,807
9970,도크
9971,2021.8
9972,등목
9973,목포대학교
9974,이르
9975,휠쏘
9976,호이스
9977,수년
9978,모티브
9979,이어지는
9980,이격용
9981,부르기
9982,osb
9983,잘빠지지
9984,체사
9985,노미
9986,09:55분
9987,안성시
9988,18:30분
9989,시키면서
9990,그중
9991,국가
9992,헛디녀
9993,평
9994,교월
9995,디지털프라자
9996,SIP
9997,아사바
9998,갈등
9999,드릴기
